Filename,Description,Category,SubCategory,Library,Duration,Manufacturer,BitDepth,SampleRate,Channels,Designer,Keywords,URL,Source,Notes
Fantasy_Game_Action_Backpack_Open.wav,"pick up, collect, movement, material, open, close, latch, turn, twist, item, game, fantasy, action, one shot, designed",Action,Fantasy,Fantasy Game,00:00.750,Epic Stock Media,24,96000,2,"Brian Fairbanks, Epic Stock Media",Fantasy Game Backpack Open,https://epicstockmedia.com,"Brain Fairbanks, Gregory Mcmanus, Epic Stock Media",All files are Copyright Epic Stock Media - All Rights Reserved © 2021 Epic Stock Media
Fantasy_Game_Action_Book_Page_Turn_1.wav,"pick up, collect, movement, material, open, close, latch, turn, twist, item, game, fantasy, action, one shot, designed",Action,Fantasy,Fantasy Game,00:00.812,Epic Stock Media,24,96000,2,"Brian Fairbanks, Epic Stock Media",Fantasy Game Book Page Turn 1,https://epicstockmedia.com,"Brain Fairbanks, Gregory Mcmanus, Epic Stock Media",All files are Copyright Epic Stock Media - All Rights Reserved © 2021 Epic Stock Media
Fantasy_Game_Action_Book_Page_Turn_2.wav,"pick up, collect, movement, material, open, close, latch, turn, twist, item, game, fantasy, action, one shot, designed",Action,Fantasy,Fantasy Game,00:00.791,Epic Stock Media,24,96000,2,"Brian Fairbanks, Epic Stock Media",Fantasy Game Book Page Turn 2,https://epicstockmedia.com,"Brain Fairbanks, Gregory Mcmanus, Epic Stock Media",All files are Copyright Epic Stock Media - All Rights Reserved © 2021 Epic Stock Media
Fantasy_Game_Action_Box_Raise_Latch.wav,"pick up, collect, movement, material, open, close, latch, turn, twist, item, game, fantasy, action, one shot, designed",Action,Fantasy,Fantasy Game,00:00.909,Epic Stock Media,24,96000,2,"Brian Fairbanks, Epic Stock Media",Fantasy Game Box Raise Latch,https://epicstockmedia.com,"Brain Fairbanks, Gregory Mcmanus, Epic Stock Media",All files are Copyright Epic Stock Media - All Rights Reserved © 2021 Epic Stock Media
Fantasy_Game_Action_Chest_Unlock_Small.wav,"pick up, collect, movement, material, open, close, latch, turn, twist, item, game, fantasy, action, one shot, designed",Action,Fantasy,Fantasy Game,00:01.322,Epic Stock Media,24,96000,2,"Brian Fairbanks, Epic Stock Media",Fantasy Game Chest Unlock Small,https://epicstockmedia.com,"Brain Fairbanks, Gregory Mcmanus, Epic Stock Media",All files are Copyright Epic Stock Media - All Rights Reserved © 2021 Epic Stock Media
Fantasy_Game_Action_Chest_Unlock_Small_2.wav,"pick up, collect, movement, material, open, close, latch, turn, twist, item, game, fantasy, action, one shot, designed",Action,Fantasy,Fantasy Game,00:00.600,Epic Stock Media,24,96000,2,"Brian Fairbanks, Epic Stock Media",Fantasy Game Chest Unlock Small 2,https://epicstockmedia.com,"Brain Fairbanks, Gregory Mcmanus, Epic Stock Media",All files are Copyright Epic Stock Media - All Rights Reserved © 2021 Epic Stock Media
Fantasy_Game_Action_Chop_Wood_A.wav,"pick up, collect, movement, material, open, close, latch, turn, twist, item, game, fantasy, action, one shot, designed",Action,Fantasy,Fantasy Game,00:01.451,Epic Stock Media,24,96000,2,"Brian Fairbanks, Epic Stock Media",Fantasy Game Action Chop Wood,https://epicstockmedia.com,"Brain Fairbanks, Gregory Mcmanus, Epic Stock Media",All files are Copyright Epic Stock Media - All Rights Reserved © 2021 Epic Stock Media
Fantasy_Game_Action_Chop_Wood_C.wav,"pick up, collect, movement, material, open, close, latch, turn, twist, item, game, fantasy, action, one shot, designed",Action,Fantasy,Fantasy Game,00:01.451,Epic Stock Media,24,96000,2,"Brian Fairbanks, Epic Stock Media",Fantasy Game Action Chop Wood,https://epicstockmedia.com,"Brain Fairbanks, Gregory Mcmanus, Epic Stock Media",All files are Copyright Epic Stock Media - All Rights Reserved © 2021 Epic Stock Media
Fantasy_Game_Action_Collect_Ore_A_.wav,"pick up, collect, movement, material, open, close, latch, turn, twist, item, game, fantasy, action, one shot, designed",Action,Fantasy,Fantasy Game,00:00.875,Epic Stock Media,24,96000,2,"Brian Fairbanks, Epic Stock Media",Fantasy Game Action Collect Ore,https://epicstockmedia.com,"Brain Fairbanks, Gregory Mcmanus, Epic Stock Media",All files are Copyright Epic Stock Media - All Rights Reserved © 2021 Epic Stock Media
Fantasy_Game_Action_Collect_Ore_B.wav,"pick up, collect, movement, material, open, close, latch, turn, twist, item, game, fantasy, action, one shot, designed",Action,Fantasy,Fantasy Game,00:00.875,Epic Stock Media,24,96000,2,"Brian Fairbanks, Epic Stock Media",Fantasy Game Action Collect Ore,https://epicstockmedia.com,"Brain Fairbanks, Gregory Mcmanus, Epic Stock Media",All files are Copyright Epic Stock Media - All Rights Reserved © 2021 Epic Stock Media
Fantasy_Game_Action_Collect_Ore_C.wav,"pick up, collect, movement, material, open, close, latch, turn, twist, item, game, fantasy, action, one shot, designed",Action,Fantasy,Fantasy Game,00:00.875,Epic Stock Media,24,96000,2,"Brian Fairbanks, Epic Stock Media",Fantasy Game Action Collect Ore,https://epicstockmedia.com,"Brain Fairbanks, Gregory Mcmanus, Epic Stock Media",All files are Copyright Epic Stock Media - All Rights Reserved © 2021 Epic Stock Media
Fantasy_Game_Action_Collect_Stone_A.wav,"pick up, collect, movement, material, open, close, latch, turn, twist, item, game, fantasy, action, one shot, designed",Action,Fantasy,Fantasy Game,00:00.534,Epic Stock Media,24,96000,2,"Brian Fairbanks, Epic Stock Media",Fantasy Game Action Collect Stone,https://epicstockmedia.com,"Brain Fairbanks, Gregory Mcmanus, Epic Stock Media",All files are Copyright Epic Stock Media - All Rights Reserved © 2021 Epic Stock Media
Fantasy_Game_Action_Collect_Stone_A_Hit.wav,"pick up, collect, movement, material, open, close, latch, turn, twist, item, game, fantasy, action, one shot, designed",Action,Fantasy,Fantasy Game,00:00.625,Epic Stock Media,24,96000,2,"Brian Fairbanks, Epic Stock Media",Fantasy Game Action Collect Stone Hit,https://epicstockmedia.com,"Brain Fairbanks, Gregory Mcmanus, Epic Stock Media",All files are Copyright Epic Stock Media - All Rights Reserved © 2021 Epic Stock Media
Fantasy_Game_Action_Collect_Stone_B.wav,"pick up, collect, movement, material, open, close, latch, turn, twist, item, game, fantasy, action, one shot, designed",Action,Fantasy,Fantasy Game,00:00.671,Epic Stock Media,24,96000,2,"Brian Fairbanks, Epic Stock Media",Fantasy Game Action Collect Stone,https://epicstockmedia.com,"Brain Fairbanks, Gregory Mcmanus, Epic Stock Media",All files are Copyright Epic Stock Media - All Rights Reserved © 2021 Epic Stock Media
Fantasy_Game_Action_Collect_Stone_B_Hit.wav,"pick up, collect, movement, material, open, close, latch, turn, twist, item, game, fantasy, action, one shot, designed",Action,Fantasy,Fantasy Game,00:00.750,Epic Stock Media,24,96000,2,"Brian Fairbanks, Epic Stock Media",Fantasy Game Action Collect Stone Hit,https://epicstockmedia.com,"Brain Fairbanks, Gregory Mcmanus, Epic Stock Media",All files are Copyright Epic Stock Media - All Rights Reserved © 2021 Epic Stock Media
Fantasy_Game_Action_Collect_Stone_C.wav,"pick up, collect, movement, material, open, close, latch, turn, twist, item, game, fantasy, action, one shot, designed",Action,Fantasy,Fantasy Game,00:00.598,Epic Stock Media,24,96000,2,"Brian Fairbanks, Epic Stock Media",Fantasy Game Action Collect Stone,https://epicstockmedia.com,"Brain Fairbanks, Gregory Mcmanus, Epic Stock Media",All files are Copyright Epic Stock Media - All Rights Reserved © 2021 Epic Stock Media
Fantasy_Game_Action_Collect_Stone_C_Hit.wav,"pick up, collect, movement, material, open, close, latch, turn, twist, item, game, fantasy, action, one shot, designed",Action,Fantasy,Fantasy Game,00:00.875,Epic Stock Media,24,96000,2,"Brian Fairbanks, Epic Stock Media",Fantasy Game Action Collect Stone Hit,https://epicstockmedia.com,"Brain Fairbanks, Gregory Mcmanus, Epic Stock Media",All files are Copyright Epic Stock Media - All Rights Reserved © 2021 Epic Stock Media
Fantasy_Game_Action_Collect_Stone_D.wav,"pick up, collect, movement, material, open, close, latch, turn, twist, item, game, fantasy, action, one shot, designed",Action,Fantasy,Fantasy Game,00:00.564,Epic Stock Media,24,96000,2,"Brian Fairbanks, Epic Stock Media",Fantasy Game Action Collect Stone,https://epicstockmedia.com,"Brain Fairbanks, Gregory Mcmanus, Epic Stock Media",All files are Copyright Epic Stock Media - All Rights Reserved © 2021 Epic Stock Media
Fantasy_Game_Action_Collect_Wood_A.wav,"pick up, collect, movement, material, open, close, latch, turn, twist, item, game, fantasy, action, one shot, designed",Action,Fantasy,Fantasy Game,00:01.062,Epic Stock Media,24,96000,2,"Brian Fairbanks, Epic Stock Media",Fantasy Game Action Collect Wood,https://epicstockmedia.com,"Brain Fairbanks, Gregory Mcmanus, Epic Stock Media",All files are Copyright Epic Stock Media - All Rights Reserved © 2021 Epic Stock Media
Fantasy_Game_Action_Collect_Wood_B.wav,"pick up, collect, movement, material, open, close, latch, turn, twist, item, game, fantasy, action, one shot, designed",Action,Fantasy,Fantasy Game,00:01.041,Epic Stock Media,24,96000,2,"Brian Fairbanks, Epic Stock Media",Fantasy Game Action Collect Wood,https://epicstockmedia.com,"Brain Fairbanks, Gregory Mcmanus, Epic Stock Media",All files are Copyright Epic Stock Media - All Rights Reserved © 2021 Epic Stock Media
Fantasy_Game_Action_Door_Close.wav,"pick up, collect, movement, material, open, close, latch, turn, twist, item, game, fantasy, action, one shot, designed",Action,Fantasy,Fantasy Game,00:00.443,Epic Stock Media,24,96000,2,"Brian Fairbanks, Epic Stock Media",Fantasy Game Door Close,https://epicstockmedia.com,"Brain Fairbanks, Gregory Mcmanus, Epic Stock Media",All files are Copyright Epic Stock Media - All Rights Reserved © 2021 Epic Stock Media
Fantasy_Game_Action_Door_Open.wav,"pick up, collect, movement, material, open, close, latch, turn, twist, item, game, fantasy, action, one shot, designed",Action,Fantasy,Fantasy Game,00:00.529,Epic Stock Media,24,96000,2,"Brian Fairbanks, Epic Stock Media",Fantasy Game Door Open,https://epicstockmedia.com,"Brain Fairbanks, Gregory Mcmanus, Epic Stock Media",All files are Copyright Epic Stock Media - All Rights Reserved © 2021 Epic Stock Media
Fantasy_Game_Action_Item_Wooden_Chest_Open_or_Close.wav,"pick up, collect, movement, material, open, close, latch, turn, twist, item, game, fantasy, action, one shot, designed",Action,Fantasy,Fantasy Game,00:00.979,Epic Stock Media,24,96000,2,"Brian Fairbanks, Epic Stock Media",Fantasy Game Item Wooden Chest Open or Close,https://epicstockmedia.com,"Brain Fairbanks, Gregory Mcmanus, Epic Stock Media",All files are Copyright Epic Stock Media - All Rights Reserved © 2021 Epic Stock Media
Fantasy_Game_Action_Item_Wooden_Chest_Open_or_Close_2.wav,"pick up, collect, movement, material, open, close, latch, turn, twist, item, game, fantasy, action, one shot, designed",Action,Fantasy,Fantasy Game,00:02.133,Epic Stock Media,24,96000,2,"Brian Fairbanks, Epic Stock Media",Fantasy Game Item Wooden Chest Open or Close 2,https://epicstockmedia.com,"Brain Fairbanks, Gregory Mcmanus, Epic Stock Media",All files are Copyright Epic Stock Media - All Rights Reserved © 2021 Epic Stock Media
Fantasy_Game_Action_Item_Wooden_Chest_Open_or_Close_3.wav,"pick up, collect, movement, material, open, close, latch, turn, twist, item, game, fantasy, action, one shot, designed",Action,Fantasy,Fantasy Game,00:01.583,Epic Stock Media,24,96000,2,"Brian Fairbanks, Epic Stock Media",Fantasy Game Item Wooden Chest Open or Close 3,https://epicstockmedia.com,"Brain Fairbanks, Gregory Mcmanus, Epic Stock Media",All files are Copyright Epic Stock Media - All Rights Reserved © 2021 Epic Stock Media
Fantasy_Game_Action_Item_Wooden_Chest_Open_or_Close_4v.wav,"pick up, collect, movement, material, open, close, latch, turn, twist, item, game, fantasy, action, one shot, designed",Action,Fantasy,Fantasy Game,00:01.750,Epic Stock Media,24,96000,2,"Brian Fairbanks, Epic Stock Media",Fantasy Game Item Wooden Chest Open or Close 4,https://epicstockmedia.com,"Brain Fairbanks, Gregory Mcmanus, Epic Stock Media",All files are Copyright Epic Stock Media - All Rights Reserved © 2021 Epic Stock Media
Fantasy_Game_Action_Item_Wooden_Chest_Open_or_Close_5v.wav,"pick up, collect, movement, material, open, close, latch, turn, twist, item, game, fantasy, action, one shot, designed",Action,Fantasy,Fantasy Game,00:01.750,Epic Stock Media,24,96000,2,"Brian Fairbanks, Epic Stock Media",Fantasy Game Item Wooden Chest Open or Close 5,https://epicstockmedia.com,"Brain Fairbanks, Gregory Mcmanus, Epic Stock Media",All files are Copyright Epic Stock Media - All Rights Reserved © 2021 Epic Stock Media
Fantasy_Game_Action_Large_Gate_Close.wav,"pick up, collect, movement, material, open, close, latch, turn, twist, item, game, fantasy, action, one shot, designed",Action,Fantasy,Fantasy Game,00:03.755,Epic Stock Media,24,96000,2,"Brian Fairbanks, Epic Stock Media",Fantasy Game Large Gate Close,https://epicstockmedia.com,"Brain Fairbanks, Gregory Mcmanus, Epic Stock Media",All files are Copyright Epic Stock Media - All Rights Reserved © 2021 Epic Stock Media
Fantasy_Game_Action_Large_Gate_Close_2.wav,"pick up, collect, movement, material, open, close, latch, turn, twist, item, game, fantasy, action, one shot, designed",Action,Fantasy,Fantasy Game,00:03.000,Epic Stock Media,24,96000,2,"Brian Fairbanks, Epic Stock Media",Fantasy Game Large Gate Close 2,https://epicstockmedia.com,"Brain Fairbanks, Gregory Mcmanus, Epic Stock Media",All files are Copyright Epic Stock Media - All Rights Reserved © 2021 Epic Stock Media
Fantasy_Game_Action_Lock_Gate.wav,"pick up, collect, movement, material, open, close, latch, turn, twist, item, game, fantasy, action, one shot, designed",Action,Fantasy,Fantasy Game,00:03.500,Epic Stock Media,24,96000,2,"Brian Fairbanks, Epic Stock Media",Fantasy Game Lock Gate,https://epicstockmedia.com,"Brain Fairbanks, Gregory Mcmanus, Epic Stock Media",All files are Copyright Epic Stock Media - All Rights Reserved © 2021 Epic Stock Media
Fantasy_Game_Action_Material_Wood_Lever_1.wav,"pick up, collect, movement, material, open, close, latch, turn, twist, item, game, fantasy, action, one shot, designed",Action,Fantasy,Fantasy Game,00:01.000,Epic Stock Media,24,96000,2,"Brian Fairbanks, Epic Stock Media",Fantasy Game Material Wood Lever 1,https://epicstockmedia.com,"Brain Fairbanks, Gregory Mcmanus, Epic Stock Media",All files are Copyright Epic Stock Media - All Rights Reserved © 2021 Epic Stock Media
Fantasy_Game_Action_Material_Wood_Lever_2.wav,"pick up, collect, movement, material, open, close, latch, turn, twist, item, game, fantasy, action, one shot, designed",Action,Fantasy,Fantasy Game,00:01.500,Epic Stock Media,24,96000,2,"Brian Fairbanks, Epic Stock Media",Fantasy Game Material Wood Lever 2,https://epicstockmedia.com,"Brain Fairbanks, Gregory Mcmanus, Epic Stock Media",All files are Copyright Epic Stock Media - All Rights Reserved © 2021 Epic Stock Media
Fantasy_Game_Action_Material_Wood_Lever_3.wav,"pick up, collect, movement, material, open, close, latch, turn, twist, item, game, fantasy, action, one shot, designed",Action,Fantasy,Fantasy Game,00:01.000,Epic Stock Media,24,96000,2,"Brian Fairbanks, Epic Stock Media",Fantasy Game Material Wood Lever 3,https://epicstockmedia.com,"Brain Fairbanks, Gregory Mcmanus, Epic Stock Media",All files are Copyright Epic Stock Media - All Rights Reserved © 2021 Epic Stock Media
Fantasy_Game_Action_Material_Wood_Lever_4.wav,"pick up, collect, movement, material, open, close, latch, turn, twist, item, game, fantasy, action, one shot, designed",Action,Fantasy,Fantasy Game,00:01.000,Epic Stock Media,24,96000,2,"Brian Fairbanks, Epic Stock Media",Fantasy Game Material Wood Lever 4,https://epicstockmedia.com,"Brain Fairbanks, Gregory Mcmanus, Epic Stock Media",All files are Copyright Epic Stock Media - All Rights Reserved © 2021 Epic Stock Media
Fantasy_Game_Action_Material_Wood_Lever_5.wav,"pick up, collect, movement, material, open, close, latch, turn, twist, item, game, fantasy, action, one shot, designed",Action,Fantasy,Fantasy Game,00:01.000,Epic Stock Media,24,96000,2,"Brian Fairbanks, Epic Stock Media",Fantasy Game Material Wood Lever 5,https://epicstockmedia.com,"Brain Fairbanks, Gregory Mcmanus, Epic Stock Media",All files are Copyright Epic Stock Media - All Rights Reserved © 2021 Epic Stock Media
Fantasy_Game_Action_Metal_Latch_Door_Hit_1.wav,"pick up, collect, movement, material, open, close, latch, turn, twist, item, game, fantasy, action, one shot, designed",Action,Fantasy,Fantasy Game,00:01.000,Epic Stock Media,24,96000,2,"Brian Fairbanks, Epic Stock Media",Fantasy Game Metal Latch Door Hit 1,https://epicstockmedia.com,"Brain Fairbanks, Gregory Mcmanus, Epic Stock Media",All files are Copyright Epic Stock Media - All Rights Reserved © 2021 Epic Stock Media
Fantasy_Game_Action_Mining_Rock_A.wav,"pick up, collect, movement, material, open, close, latch, turn, twist, item, game, fantasy, action, one shot, designed",Action,Fantasy,Fantasy Game,00:00.460,Epic Stock Media,24,96000,2,"Brian Fairbanks, Epic Stock Media",Fantasy Game Action Mining Rock,https://epicstockmedia.com,"Brain Fairbanks, Gregory Mcmanus, Epic Stock Media",All files are Copyright Epic Stock Media - All Rights Reserved © 2021 Epic Stock Media
Fantasy_Game_Action_Mining_Rock_B.wav,"pick up, collect, movement, material, open, close, latch, turn, twist, item, game, fantasy, action, one shot, designed",Action,Fantasy,Fantasy Game,00:00.455,Epic Stock Media,24,96000,2,"Brian Fairbanks, Epic Stock Media",Fantasy Game Action Mining Rock,https://epicstockmedia.com,"Brain Fairbanks, Gregory Mcmanus, Epic Stock Media",All files are Copyright Epic Stock Media - All Rights Reserved © 2021 Epic Stock Media
Fantasy_Game_Action_Mining_Rock_C.wav,"pick up, collect, movement, material, open, close, latch, turn, twist, item, game, fantasy, action, one shot, designed",Action,Fantasy,Fantasy Game,00:00.500,Epic Stock Media,24,96000,2,"Brian Fairbanks, Epic Stock Media",Fantasy Game Action Mining Rock,https://epicstockmedia.com,"Brain Fairbanks, Gregory Mcmanus, Epic Stock Media",All files are Copyright Epic Stock Media - All Rights Reserved © 2021 Epic Stock Media
Fantasy_Game_Action_Open_Gate.wav,"pick up, collect, movement, material, open, close, latch, turn, twist, item, game, fantasy, action, one shot, designed",Action,Fantasy,Fantasy Game,00:04.000,Epic Stock Media,24,96000,2,"Brian Fairbanks, Epic Stock Media",Fantasy Game Open Gate,https://epicstockmedia.com,"Brain Fairbanks, Gregory Mcmanus, Epic Stock Media",All files are Copyright Epic Stock Media - All Rights Reserved © 2021 Epic Stock Media
Fantasy_Game_Action_Smash_Pot_A.wav,"pick up, collect, movement, material, open, close, latch, turn, twist, item, game, fantasy, action, one shot, designed",Action,Fantasy,Fantasy Game,00:00.755,Epic Stock Media,24,96000,2,"Brian Fairbanks, Epic Stock Media",Fantasy Game Smash Pot,https://epicstockmedia.com,"Brain Fairbanks, Gregory Mcmanus, Epic Stock Media",All files are Copyright Epic Stock Media - All Rights Reserved © 2021 Epic Stock Media
Fantasy_Game_Action_Smash_Pot_B.wav,"pick up, collect, movement, material, open, close, latch, turn, twist, item, game, fantasy, action, one shot, designed",Action,Fantasy,Fantasy Game,00:00.792,Epic Stock Media,24,96000,2,"Brian Fairbanks, Epic Stock Media",Fantasy Game Smash Pot,https://epicstockmedia.com,"Brain Fairbanks, Gregory Mcmanus, Epic Stock Media",All files are Copyright Epic Stock Media - All Rights Reserved © 2021 Epic Stock Media
Fantasy_Game_Action_Stone_Door_Close.wav,"pick up, collect, movement, material, open, close, latch, turn, twist, item, game, fantasy, action, one shot, designed",Action,Fantasy,Fantasy Game,00:02.625,Epic Stock Media,24,96000,2,"Brian Fairbanks, Epic Stock Media",Fantasy Game Stone Door Close,https://epicstockmedia.com,"Brain Fairbanks, Gregory Mcmanus, Epic Stock Media",All files are Copyright Epic Stock Media - All Rights Reserved © 2021 Epic Stock Media
Fantasy_Game_Action_Stone_Door_Open.wav,"pick up, collect, movement, material, open, close, latch, turn, twist, item, game, fantasy, action, one shot, designed",Action,Fantasy,Fantasy Game,00:02.750,Epic Stock Media,24,96000,2,"Brian Fairbanks, Epic Stock Media",Fantasy Game Stone Door Open,https://epicstockmedia.com,"Brain Fairbanks, Gregory Mcmanus, Epic Stock Media",All files are Copyright Epic Stock Media - All Rights Reserved © 2021 Epic Stock Media
Fantasy_Game_Attack_Blade_Draw_1.wav,"attack, sword, box, crossbow, medieval, fighting, brawl, weapon, arrow, knight, fantasy, adventure, MMO, RPG, instant, FX, one shot,",Attack,Fantasy,Fantasy Game,00:00.985,Epic Stock Media,24,96000,2,"Brian Fairbanks, Epic Stock Media",Fantasy Game Blade Draw 1,https://epicstockmedia.com,"Brain Fairbanks, Gregory Mcmanus, Epic Stock Media",All files are Copyright Epic Stock Media - All Rights Reserved © 2021 Epic Stock Media
Fantasy_Game_Attack_Bow_A.wav,"attack, sword, box, crossbow, medieval, fighting, brawl, weapon, arrow, knight, fantasy, adventure, MMO, RPG, instant, FX, one shot,",Attack,Fantasy,Fantasy Game,00:00.391,Epic Stock Media,24,96000,2,"Brian Fairbanks, Epic Stock Media",Fantasy Game Attack Bow,https://epicstockmedia.com,"Brain Fairbanks, Gregory Mcmanus, Epic Stock Media",All files are Copyright Epic Stock Media - All Rights Reserved © 2021 Epic Stock Media
Fantasy_Game_Attack_Bow_B.wav,"attack, sword, box, crossbow, medieval, fighting, brawl, weapon, arrow, knight, fantasy, adventure, MMO, RPG, instant, FX, one shot,",Attack,Fantasy,Fantasy Game,00:00.326,Epic Stock Media,24,96000,2,"Brian Fairbanks, Epic Stock Media",Fantasy Game Attack Bow,https://epicstockmedia.com,"Brain Fairbanks, Gregory Mcmanus, Epic Stock Media",All files are Copyright Epic Stock Media - All Rights Reserved © 2021 Epic Stock Media
Fantasy_Game_Attack_Bow_C.wav,"attack, sword, box, crossbow, medieval, fighting, brawl, weapon, arrow, knight, fantasy, adventure, MMO, RPG, instant, FX, one shot,",Attack,Fantasy,Fantasy Game,00:00.326,Epic Stock Media,24,96000,2,"Brian Fairbanks, Epic Stock Media",Fantasy Game Attack Bow,https://epicstockmedia.com,"Brain Fairbanks, Gregory Mcmanus, Epic Stock Media",All files are Copyright Epic Stock Media - All Rights Reserved © 2021 Epic Stock Media
Fantasy_Game_Attack_Bow_D.wav,"attack, sword, box, crossbow, medieval, fighting, brawl, weapon, arrow, knight, fantasy, adventure, MMO, RPG, instant, FX, one shot,",Attack,Fantasy,Fantasy Game,00:00.458,Epic Stock Media,24,96000,2,"Brian Fairbanks, Epic Stock Media",Fantasy Game Attack Bow,https://epicstockmedia.com,"Brain Fairbanks, Gregory Mcmanus, Epic Stock Media",All files are Copyright Epic Stock Media - All Rights Reserved © 2021 Epic Stock Media
Fantasy_Game_Attack_Bow_E.wav,"attack, sword, box, crossbow, medieval, fighting, brawl, weapon, arrow, knight, fantasy, adventure, MMO, RPG, instant, FX, one shot,",Attack,Fantasy,Fantasy Game,00:00.687,Epic Stock Media,24,96000,2,"Brian Fairbanks, Epic Stock Media",Fantasy Game Attack Bow,https://epicstockmedia.com,"Brain Fairbanks, Gregory Mcmanus, Epic Stock Media",All files are Copyright Epic Stock Media - All Rights Reserved © 2021 Epic Stock Media
Fantasy_Game_Attack_Bow_F.wav,"attack, sword, box, crossbow, medieval, fighting, brawl, weapon, arrow, knight, fantasy, adventure, MMO, RPG, instant, FX, one shot,",Attack,Fantasy,Fantasy Game,00:00.326,Epic Stock Media,24,96000,2,"Brian Fairbanks, Epic Stock Media",Fantasy Game Attack Bow,https://epicstockmedia.com,"Brain Fairbanks, Gregory Mcmanus, Epic Stock Media",All files are Copyright Epic Stock Media - All Rights Reserved © 2021 Epic Stock Media
Fantasy_Game_Attack_Cloth_Armor_Hit_A.wav,"attack, sword, box, crossbow, medieval, fighting, brawl, weapon, arrow, knight, fantasy, adventure, MMO, RPG, instant, FX, one shot,",Attack,Fantasy,Fantasy Game,00:00.625,Epic Stock Media,24,96000,2,"Brian Fairbanks, Epic Stock Media",Fantasy Game Cloth Armor Hit,https://epicstockmedia.com,"Brain Fairbanks, Gregory Mcmanus, Epic Stock Media",All files are Copyright Epic Stock Media - All Rights Reserved © 2021 Epic Stock Media
Fantasy_Game_Attack_Cloth_Armor_Hit_B.wav,"attack, sword, box, crossbow, medieval, fighting, brawl, weapon, arrow, knight, fantasy, adventure, MMO, RPG, instant, FX, one shot,",Attack,Fantasy,Fantasy Game,00:00.625,Epic Stock Media,24,96000,2,"Brian Fairbanks, Epic Stock Media",Fantasy Game Cloth Armor Hit,https://epicstockmedia.com,"Brain Fairbanks, Gregory Mcmanus, Epic Stock Media",All files are Copyright Epic Stock Media - All Rights Reserved © 2021 Epic Stock Media
Fantasy_Game_Attack_Creature_Crow_Distant.wav,"attack, sword, box, crossbow, medieval, fighting, brawl, weapon, arrow, knight, fantasy, adventure, MMO, RPG, instant, FX, one shot,",Attack,Fantasy,Fantasy Game,00:00.790,Epic Stock Media,24,96000,2,"Brian Fairbanks, Epic Stock Media",Fantasy Game Creature Crow Distant,https://epicstockmedia.com,"Brain Fairbanks, Gregory Mcmanus, Epic Stock Media",All files are Copyright Epic Stock Media - All Rights Reserved © 2021 Epic Stock Media
Fantasy_Game_Attack_Creature_Growl.wav,"attack, sword, box, crossbow, medieval, fighting, brawl, weapon, arrow, knight, fantasy, adventure, MMO, RPG, instant, FX, one shot,",Attack,Fantasy,Fantasy Game,00:02.580,Epic Stock Media,24,96000,2,"Brian Fairbanks, Epic Stock Media",Fantasy Game Creature Growl,https://epicstockmedia.com,"Brain Fairbanks, Gregory Mcmanus, Epic Stock Media",All files are Copyright Epic Stock Media - All Rights Reserved © 2021 Epic Stock Media
Fantasy_Game_Attack_Creature_Growl_2.wav,"attack, sword, box, crossbow, medieval, fighting, brawl, weapon, arrow, knight, fantasy, adventure, MMO, RPG, instant, FX, one shot,",Attack,Fantasy,Fantasy Game,00:02.000,Epic Stock Media,24,96000,2,"Brian Fairbanks, Epic Stock Media",Fantasy Game Creature Growl 2,https://epicstockmedia.com,"Brain Fairbanks, Gregory Mcmanus, Epic Stock Media",All files are Copyright Epic Stock Media - All Rights Reserved © 2021 Epic Stock Media
Fantasy_Game_Attack_Creature_Growl_3.wav,"attack, sword, box, crossbow, medieval, fighting, brawl, weapon, arrow, knight, fantasy, adventure, MMO, RPG, instant, FX, one shot,",Attack,Fantasy,Fantasy Game,00:00.923,Epic Stock Media,24,96000,2,"Brian Fairbanks, Epic Stock Media",Fantasy Game Creature Growl 3,https://epicstockmedia.com,"Brain Fairbanks, Gregory Mcmanus, Epic Stock Media",All files are Copyright Epic Stock Media - All Rights Reserved © 2021 Epic Stock Media
Fantasy_Game_Attack_Creature_Growl_4.wav,"attack, sword, box, crossbow, medieval, fighting, brawl, weapon, arrow, knight, fantasy, adventure, MMO, RPG, instant, FX, one shot,",Attack,Fantasy,Fantasy Game,00:03.208,Epic Stock Media,24,96000,2,"Brian Fairbanks, Epic Stock Media",Fantasy Game Creature Growl 4,https://epicstockmedia.com,"Brain Fairbanks, Gregory Mcmanus, Epic Stock Media",All files are Copyright Epic Stock Media - All Rights Reserved © 2021 Epic Stock Media
Fantasy_Game_Attack_Creature_Growl_5.wav,"attack, sword, box, crossbow, medieval, fighting, brawl, weapon, arrow, knight, fantasy, adventure, MMO, RPG, instant, FX, one shot,",Attack,Fantasy,Fantasy Game,00:03.294,Epic Stock Media,24,96000,2,"Brian Fairbanks, Epic Stock Media",Fantasy Game Creature Growl 5,https://epicstockmedia.com,"Brain Fairbanks, Gregory Mcmanus, Epic Stock Media",All files are Copyright Epic Stock Media - All Rights Reserved © 2021 Epic Stock Media
Fantasy_Game_Attack_Creature_Growl_6.wav,"attack, sword, box, crossbow, medieval, fighting, brawl, weapon, arrow, knight, fantasy, adventure, MMO, RPG, instant, FX, one shot,",Attack,Fantasy,Fantasy Game,00:03.294,Epic Stock Media,24,96000,2,"Brian Fairbanks, Epic Stock Media",Fantasy Game Creature Growl 6,https://epicstockmedia.com,"Brain Fairbanks, Gregory Mcmanus, Epic Stock Media",All files are Copyright Epic Stock Media - All Rights Reserved © 2021 Epic Stock Media
Fantasy_Game_Attack_Creature_Growl_D.wav,"attack, sword, box, crossbow, medieval, fighting, brawl, weapon, arrow, knight, fantasy, adventure, MMO, RPG, instant, FX, one shot,",Attack,Fantasy,Fantasy Game,00:03.574,Epic Stock Media,24,96000,2,"Brian Fairbanks, Epic Stock Media",Fantasy Game Creature Growl,https://epicstockmedia.com,"Brain Fairbanks, Gregory Mcmanus, Epic Stock Media",All files are Copyright Epic Stock Media - All Rights Reserved © 2021 Epic Stock Media
Fantasy_Game_Attack_Creature_Growl_Long_High_B.wav,"attack, sword, box, crossbow, medieval, fighting, brawl, weapon, arrow, knight, fantasy, adventure, MMO, RPG, instant, FX, one shot,",Attack,Fantasy,Fantasy Game,00:05.408,Epic Stock Media,24,96000,2,"Brian Fairbanks, Epic Stock Media",Fantasy Game Creature Growl Long High,https://epicstockmedia.com,"Brain Fairbanks, Gregory Mcmanus, Epic Stock Media",All files are Copyright Epic Stock Media - All Rights Reserved © 2021 Epic Stock Media
Fantasy_Game_Attack_Creature_Growl_Long_High_D.wav,"attack, sword, box, crossbow, medieval, fighting, brawl, weapon, arrow, knight, fantasy, adventure, MMO, RPG, instant, FX, one shot,",Attack,Fantasy,Fantasy Game,00:02.883,Epic Stock Media,24,96000,2,"Brian Fairbanks, Epic Stock Media",Fantasy Game Creature Growl Long High,https://epicstockmedia.com,"Brain Fairbanks, Gregory Mcmanus, Epic Stock Media",All files are Copyright Epic Stock Media - All Rights Reserved © 2021 Epic Stock Media
Fantasy_Game_Attack_Creature_Growl_Long_High_E.wav,"attack, sword, box, crossbow, medieval, fighting, brawl, weapon, arrow, knight, fantasy, adventure, MMO, RPG, instant, FX, one shot,",Attack,Fantasy,Fantasy Game,00:02.020,Epic Stock Media,24,96000,2,"Brian Fairbanks, Epic Stock Media",Fantasy Game Creature Growl Long High,https://epicstockmedia.com,"Brain Fairbanks, Gregory Mcmanus, Epic Stock Media",All files are Copyright Epic Stock Media - All Rights Reserved © 2021 Epic Stock Media
Fantasy_Game_Attack_Creature_Growl_Loud_2.wav,"attack, sword, box, crossbow, medieval, fighting, brawl, weapon, arrow, knight, fantasy, adventure, MMO, RPG, instant, FX, one shot,",Attack,Fantasy,Fantasy Game,00:02.645,Epic Stock Media,24,96000,2,"Brian Fairbanks, Epic Stock Media",Fantasy Game Creature Growl Loud 2,https://epicstockmedia.com,"Brain Fairbanks, Gregory Mcmanus, Epic Stock Media",All files are Copyright Epic Stock Media - All Rights Reserved © 2021 Epic Stock Media
Fantasy_Game_Attack_Creature_Growl_Loud_Gritty.wav,"attack, sword, box, crossbow, medieval, fighting, brawl, weapon, arrow, knight, fantasy, adventure, MMO, RPG, instant, FX, one shot,",Attack,Fantasy,Fantasy Game,00:02.937,Epic Stock Media,24,96000,2,"Brian Fairbanks, Epic Stock Media",Fantasy Game Creature Growl Loud Gritty,https://epicstockmedia.com,"Brain Fairbanks, Gregory Mcmanus, Epic Stock Media",All files are Copyright Epic Stock Media - All Rights Reserved © 2021 Epic Stock Media
Fantasy_Game_Attack_Creature_Growl_Short_High.wav,"attack, sword, box, crossbow, medieval, fighting, brawl, weapon, arrow, knight, fantasy, adventure, MMO, RPG, instant, FX, one shot,",Attack,Fantasy,Fantasy Game,00:01.500,Epic Stock Media,24,96000,2,"Brian Fairbanks, Epic Stock Media",Fantasy Game Creature Growl Short High,https://epicstockmedia.com,"Brain Fairbanks, Gregory Mcmanus, Epic Stock Media",All files are Copyright Epic Stock Media - All Rights Reserved © 2021 Epic Stock Media
Fantasy_Game_Attack_Creature_High.wav,"attack, sword, box, crossbow, medieval, fighting, brawl, weapon, arrow, knight, fantasy, adventure, MMO, RPG, instant, FX, one shot,",Attack,Fantasy,Fantasy Game,00:04.617,Epic Stock Media,24,96000,2,"Brian Fairbanks, Epic Stock Media",Fantasy Game Creature High,https://epicstockmedia.com,"Brain Fairbanks, Gregory Mcmanus, Epic Stock Media",All files are Copyright Epic Stock Media - All Rights Reserved © 2021 Epic Stock Media
Fantasy_Game_Attack_Creature_High_A.wav,"attack, sword, box, crossbow, medieval, fighting, brawl, weapon, arrow, knight, fantasy, adventure, MMO, RPG, instant, FX, one shot,",Attack,Fantasy,Fantasy Game,00:01.774,Epic Stock Media,24,96000,2,"Brian Fairbanks, Epic Stock Media",Fantasy Game Creature High,https://epicstockmedia.com,"Brain Fairbanks, Gregory Mcmanus, Epic Stock Media",All files are Copyright Epic Stock Media - All Rights Reserved © 2021 Epic Stock Media
Fantasy_Game_Attack_Creature_High_B.wav,"attack, sword, box, crossbow, medieval, fighting, brawl, weapon, arrow, knight, fantasy, adventure, MMO, RPG, instant, FX, one shot,",Attack,Fantasy,Fantasy Game,00:02.975,Epic Stock Media,24,96000,2,"Brian Fairbanks, Epic Stock Media",Fantasy Game Creature High,https://epicstockmedia.com,"Brain Fairbanks, Gregory Mcmanus, Epic Stock Media",All files are Copyright Epic Stock Media - All Rights Reserved © 2021 Epic Stock Media
Fantasy_Game_Attack_Creature_High_C.wav,"attack, sword, box, crossbow, medieval, fighting, brawl, weapon, arrow, knight, fantasy, adventure, MMO, RPG, instant, FX, one shot,",Attack,Fantasy,Fantasy Game,00:01.906,Epic Stock Media,24,96000,2,"Brian Fairbanks, Epic Stock Media",Fantasy Game Creature High,https://epicstockmedia.com,"Brain Fairbanks, Gregory Mcmanus, Epic Stock Media",All files are Copyright Epic Stock Media - All Rights Reserved © 2021 Epic Stock Media
Fantasy_Game_Attack_Creature_Longer_Low_Growl.wav,"attack, sword, box, crossbow, medieval, fighting, brawl, weapon, arrow, knight, fantasy, adventure, MMO, RPG, instant, FX, one shot,",Attack,Fantasy,Fantasy Game,00:01.344,Epic Stock Media,24,96000,2,"Brian Fairbanks, Epic Stock Media",Fantasy Game Creature Longer Low Growl,https://epicstockmedia.com,"Brain Fairbanks, Gregory Mcmanus, Epic Stock Media",All files are Copyright Epic Stock Media - All Rights Reserved © 2021 Epic Stock Media
Fantasy_Game_Attack_Crossbow_A.wav,"attack, sword, box, crossbow, medieval, fighting, brawl, weapon, arrow, knight, fantasy, adventure, MMO, RPG, instant, FX, one shot,",Attack,Fantasy,Fantasy Game,00:00.354,Epic Stock Media,24,96000,2,"Brian Fairbanks, Epic Stock Media",Fantasy Game Attack Crossbow,https://epicstockmedia.com,"Brain Fairbanks, Gregory Mcmanus, Epic Stock Media",All files are Copyright Epic Stock Media - All Rights Reserved © 2021 Epic Stock Media
Fantasy_Game_Attack_Crossbow_B.wav,"attack, sword, box, crossbow, medieval, fighting, brawl, weapon, arrow, knight, fantasy, adventure, MMO, RPG, instant, FX, one shot,",Attack,Fantasy,Fantasy Game,00:00.442,Epic Stock Media,24,96000,2,"Brian Fairbanks, Epic Stock Media",Fantasy Game Attack Crossbow,https://epicstockmedia.com,"Brain Fairbanks, Gregory Mcmanus, Epic Stock Media",All files are Copyright Epic Stock Media - All Rights Reserved © 2021 Epic Stock Media
Fantasy_Game_Attack_Crossbow_C.wav,"attack, sword, box, crossbow, medieval, fighting, brawl, weapon, arrow, knight, fantasy, adventure, MMO, RPG, instant, FX, one shot,",Attack,Fantasy,Fantasy Game,00:00.466,Epic Stock Media,24,96000,2,"Brian Fairbanks, Epic Stock Media",Fantasy Game Attack Crossbow,https://epicstockmedia.com,"Brain Fairbanks, Gregory Mcmanus, Epic Stock Media",All files are Copyright Epic Stock Media - All Rights Reserved © 2021 Epic Stock Media
Fantasy_Game_Attack_Crossbow_D.wav,"attack, sword, box, crossbow, medieval, fighting, brawl, weapon, arrow, knight, fantasy, adventure, MMO, RPG, instant, FX, one shot,",Attack,Fantasy,Fantasy Game,00:00.406,Epic Stock Media,24,96000,2,"Brian Fairbanks, Epic Stock Media",Fantasy Game Attack Crossbow,https://epicstockmedia.com,"Brain Fairbanks, Gregory Mcmanus, Epic Stock Media",All files are Copyright Epic Stock Media - All Rights Reserved © 2021 Epic Stock Media
Fantasy_Game_Attack_Crossbow_E.wav,"attack, sword, box, crossbow, medieval, fighting, brawl, weapon, arrow, knight, fantasy, adventure, MMO, RPG, instant, FX, one shot,",Attack,Fantasy,Fantasy Game,00:00.414,Epic Stock Media,24,96000,2,"Brian Fairbanks, Epic Stock Media",Fantasy Game Attack Crossbow,https://epicstockmedia.com,"Brain Fairbanks, Gregory Mcmanus, Epic Stock Media",All files are Copyright Epic Stock Media - All Rights Reserved © 2021 Epic Stock Media
Fantasy_Game_Attack_Draw_Heavy_Weapon_1.wav,"attack, sword, box, crossbow, medieval, fighting, brawl, weapon, arrow, knight, fantasy, adventure, MMO, RPG, instant, FX, one shot,",Attack,Fantasy,Fantasy Game,00:00.684,Epic Stock Media,24,96000,2,"Brian Fairbanks, Epic Stock Media",Fantasy Game Draw Heavy Weapon 1,https://epicstockmedia.com,"Brain Fairbanks, Gregory Mcmanus, Epic Stock Media",All files are Copyright Epic Stock Media - All Rights Reserved © 2021 Epic Stock Media
Fantasy_Game_Attack_Draw_Heavy_Weapon_2.wav,"attack, sword, box, crossbow, medieval, fighting, brawl, weapon, arrow, knight, fantasy, adventure, MMO, RPG, instant, FX, one shot,",Attack,Fantasy,Fantasy Game,00:00.642,Epic Stock Media,24,96000,2,"Brian Fairbanks, Epic Stock Media",Fantasy Game Draw Heavy Weapon 2,https://epicstockmedia.com,"Brain Fairbanks, Gregory Mcmanus, Epic Stock Media",All files are Copyright Epic Stock Media - All Rights Reserved © 2021 Epic Stock Media
Fantasy_Game_Attack_Fire_Arrow.wav,"attack, sword, box, crossbow, medieval, fighting, brawl, weapon, arrow, knight, fantasy, adventure, MMO, RPG, instant, FX, one shot,",Attack,Fantasy,Fantasy Game,00:01.355,Epic Stock Media,24,96000,2,"Brian Fairbanks, Epic Stock Media",Fantasy Game Attack Fire Arrow,https://epicstockmedia.com,"Brain Fairbanks, Gregory Mcmanus, Epic Stock Media",All files are Copyright Epic Stock Media - All Rights Reserved © 2021 Epic Stock Media
Fantasy_Game_Attack_Ice_Arrow.wav,"attack, sword, box, crossbow, medieval, fighting, brawl, weapon, arrow, knight, fantasy, adventure, MMO, RPG, instant, FX, one shot,",Attack,Fantasy,Fantasy Game,00:01.750,Epic Stock Media,24,96000,2,"Brian Fairbanks, Epic Stock Media",Fantasy Game Attack Ice Arrow,https://epicstockmedia.com,"Brain Fairbanks, Gregory Mcmanus, Epic Stock Media",All files are Copyright Epic Stock Media - All Rights Reserved © 2021 Epic Stock Media
Fantasy_Game_Attack_Item_Magic_Trap.wav,"attack, sword, box, crossbow, medieval, fighting, brawl, weapon, arrow, knight, fantasy, adventure, MMO, RPG, instant, FX, one shot,",Attack,Fantasy,Fantasy Game,00:01.148,Epic Stock Media,24,96000,2,"Brian Fairbanks, Epic Stock Media",Fantasy Game Item Magic Trap,https://epicstockmedia.com,"Brain Fairbanks, Gregory Mcmanus, Epic Stock Media",All files are Copyright Epic Stock Media - All Rights Reserved © 2021 Epic Stock Media
Fantasy_Game_Attack_Item_Wooden_Trap.wav,"attack, sword, box, crossbow, medieval, fighting, brawl, weapon, arrow, knight, fantasy, adventure, MMO, RPG, instant, FX, one shot,",Attack,Fantasy,Fantasy Game,00:00.526,Epic Stock Media,24,96000,2,"Brian Fairbanks, Epic Stock Media",Fantasy Game Item Wooden Trap,https://epicstockmedia.com,"Brain Fairbanks, Gregory Mcmanus, Epic Stock Media",All files are Copyright Epic Stock Media - All Rights Reserved © 2021 Epic Stock Media
Fantasy_Game_Attack_Magic_Arrow_A.wav,"attack, sword, box, crossbow, medieval, fighting, brawl, weapon, arrow, knight, fantasy, adventure, MMO, RPG, instant, FX, one shot,",Attack,Fantasy,Fantasy Game,00:02.000,Epic Stock Media,24,96000,2,"Brian Fairbanks, Epic Stock Media",Fantasy Game Attack Magic Arrow,https://epicstockmedia.com,"Brain Fairbanks, Gregory Mcmanus, Epic Stock Media",All files are Copyright Epic Stock Media - All Rights Reserved © 2021 Epic Stock Media
Fantasy_Game_Attack_Magic_Arrow_B.wav,"attack, sword, box, crossbow, medieval, fighting, brawl, weapon, arrow, knight, fantasy, adventure, MMO, RPG, instant, FX, one shot,",Attack,Fantasy,Fantasy Game,00:02.000,Epic Stock Media,24,96000,2,"Brian Fairbanks, Epic Stock Media",Fantasy Game Attack Magic Arrow,https://epicstockmedia.com,"Brain Fairbanks, Gregory Mcmanus, Epic Stock Media",All files are Copyright Epic Stock Media - All Rights Reserved © 2021 Epic Stock Media
Fantasy_Game_Attack_Magic_Arrow_C.wav,"attack, sword, box, crossbow, medieval, fighting, brawl, weapon, arrow, knight, fantasy, adventure, MMO, RPG, instant, FX, one shot,",Attack,Fantasy,Fantasy Game,00:02.000,Epic Stock Media,24,96000,2,"Brian Fairbanks, Epic Stock Media",Fantasy Game Attack Magic Arrow,https://epicstockmedia.com,"Brain Fairbanks, Gregory Mcmanus, Epic Stock Media",All files are Copyright Epic Stock Media - All Rights Reserved © 2021 Epic Stock Media
Fantasy_Game_Attack_Shadow_Arrow.wav,"attack, sword, box, crossbow, medieval, fighting, brawl, weapon, arrow, knight, fantasy, adventure, MMO, RPG, instant, FX, one shot,",Attack,Fantasy,Fantasy Game,00:01.419,Epic Stock Media,24,96000,2,"Brian Fairbanks, Epic Stock Media",Fantasy Game Attack Shadow Arrow,https://epicstockmedia.com,"Brain Fairbanks, Gregory Mcmanus, Epic Stock Media",All files are Copyright Epic Stock Media - All Rights Reserved © 2021 Epic Stock Media
Fantasy_Game_Attack_Skill_Axethrow_A.wav,"attack, sword, box, crossbow, medieval, fighting, brawl, weapon, arrow, knight, fantasy, adventure, MMO, RPG, instant, FX, one shot,",Attack,Fantasy,Fantasy Game,00:01.056,Epic Stock Media,24,96000,2,"Brian Fairbanks, Epic Stock Media",Fantasy Game Skill Axethrow,https://epicstockmedia.com,"Brain Fairbanks, Gregory Mcmanus, Epic Stock Media",All files are Copyright Epic Stock Media - All Rights Reserved © 2021 Epic Stock Media
Fantasy_Game_Attack_Skill_Axethrow_B.wav,"attack, sword, box, crossbow, medieval, fighting, brawl, weapon, arrow, knight, fantasy, adventure, MMO, RPG, instant, FX, one shot,",Attack,Fantasy,Fantasy Game,00:01.001,Epic Stock Media,24,96000,2,"Brian Fairbanks, Epic Stock Media",Fantasy Game Skill Axethrow,https://epicstockmedia.com,"Brain Fairbanks, Gregory Mcmanus, Epic Stock Media",All files are Copyright Epic Stock Media - All Rights Reserved © 2021 Epic Stock Media
Fantasy_Game_Attack_Skill_Knife_Throw_A.wav,"attack, sword, box, crossbow, medieval, fighting, brawl, weapon, arrow, knight, fantasy, adventure, MMO, RPG, instant, FX, one shot,",Attack,Fantasy,Fantasy Game,00:00.287,Epic Stock Media,24,96000,2,"Brian Fairbanks, Epic Stock Media",Fantasy Game Skill Knife Throw,https://epicstockmedia.com,"Brain Fairbanks, Gregory Mcmanus, Epic Stock Media",All files are Copyright Epic Stock Media - All Rights Reserved © 2021 Epic Stock Media
Fantasy_Game_Attack_Skill_Knife_Throw_B.wav,"attack, sword, box, crossbow, medieval, fighting, brawl, weapon, arrow, knight, fantasy, adventure, MMO, RPG, instant, FX, one shot,",Attack,Fantasy,Fantasy Game,00:00.279,Epic Stock Media,24,96000,2,"Brian Fairbanks, Epic Stock Media",Fantasy Game Skill Knife Throw,https://epicstockmedia.com,"Brain Fairbanks, Gregory Mcmanus, Epic Stock Media",All files are Copyright Epic Stock Media - All Rights Reserved © 2021 Epic Stock Media
Fantasy_Game_Attack_Skill_Rain_Of_Arrows.wav,"attack, sword, box, crossbow, medieval, fighting, brawl, weapon, arrow, knight, fantasy, adventure, MMO, RPG, instant, FX, one shot,",Attack,Fantasy,Fantasy Game,00:01.789,Epic Stock Media,24,96000,2,"Brian Fairbanks, Epic Stock Media",Fantasy Game Skill Rain Of Arrows,https://epicstockmedia.com,"Brain Fairbanks, Gregory Mcmanus, Epic Stock Media",All files are Copyright Epic Stock Media - All Rights Reserved © 2021 Epic Stock Media
Fantasy_Game_Attack_Skill_Rain_Of_Bolts.wav,"attack, sword, box, crossbow, medieval, fighting, brawl, weapon, arrow, knight, fantasy, adventure, MMO, RPG, instant, FX, one shot,",Attack,Fantasy,Fantasy Game,00:00.779,Epic Stock Media,24,96000,2,"Brian Fairbanks, Epic Stock Media",Fantasy Game Skill Rain Of Bolts,https://epicstockmedia.com,"Brain Fairbanks, Gregory Mcmanus, Epic Stock Media",All files are Copyright Epic Stock Media - All Rights Reserved © 2021 Epic Stock Media
Fantasy_Game_Attack_Skill_Target_Weakness.wav,"attack, sword, box, crossbow, medieval, fighting, brawl, weapon, arrow, knight, fantasy, adventure, MMO, RPG, instant, FX, one shot,",Attack,Fantasy,Fantasy Game,00:03.167,Epic Stock Media,24,96000,2,"Brian Fairbanks, Epic Stock Media",Fantasy Game Skill Target Weakness,https://epicstockmedia.com,"Brain Fairbanks, Gregory Mcmanus, Epic Stock Media",All files are Copyright Epic Stock Media - All Rights Reserved © 2021 Epic Stock Media
Fantasy_Game_Attack_Skill_Upgrade.wav,"attack, sword, box, crossbow, medieval, fighting, brawl, weapon, arrow, knight, fantasy, adventure, MMO, RPG, instant, FX, one shot,",Attack,Fantasy,Fantasy Game,00:00.981,Epic Stock Media,24,96000,2,"Brian Fairbanks, Epic Stock Media",Fantasy Game Skill Upgrade,https://epicstockmedia.com,"Brain Fairbanks, Gregory Mcmanus, Epic Stock Media",All files are Copyright Epic Stock Media - All Rights Reserved © 2021 Epic Stock Media
Fantasy_Game_Attack_Weapon_Impact.wav,"attack, sword, box, crossbow, medieval, fighting, brawl, weapon, arrow, knight, fantasy, adventure, MMO, RPG, instant, FX, one shot,",Attack,Fantasy,Fantasy Game,00:00.858,Epic Stock Media,24,96000,2,"Brian Fairbanks, Epic Stock Media",Fantasy Game Weapon Impact,https://epicstockmedia.com,"Brain Fairbanks, Gregory Mcmanus, Epic Stock Media",All files are Copyright Epic Stock Media - All Rights Reserved © 2021 Epic Stock Media
Fantasy_Game_Attack_Weapon_Impact_Blood.wav,"attack, sword, box, crossbow, medieval, fighting, brawl, weapon, arrow, knight, fantasy, adventure, MMO, RPG, instant, FX, one shot,",Attack,Fantasy,Fantasy Game,00:02.735,Epic Stock Media,24,96000,2,"Brian Fairbanks, Epic Stock Media",Fantasy Game Weapon Impact Blood,https://epicstockmedia.com,"Brain Fairbanks, Gregory Mcmanus, Epic Stock Media",All files are Copyright Epic Stock Media - All Rights Reserved © 2021 Epic Stock Media
Fantasy_Game_Crafting_Air_Bubble_Suction_Pop_Cork_1.wav,"crafting, profession, spell, enchantment, building, construction, skill, skinning, tailor, mining, mmo, rpg, fantasy",Crafting,Fantasy,Fantasy Game,00:01.500,Epic Stock Media,24,96000,2,"Brian Fairbanks, Epic Stock Media",Fantasy Game Craft Air Bubble Suction Pop Cork 1,https://epicstockmedia.com,"Brain Fairbanks, Gregory Mcmanus, Epic Stock Media",All files are Copyright Epic Stock Media - All Rights Reserved © 2021 Epic Stock Media
Fantasy_Game_Crafting_Air_Bubble_Suction_Pop_Cork_2_Water.wav,"crafting, profession, spell, enchantment, building, construction, skill, skinning, tailor, mining, mmo, rpg, fantasy",Crafting,Fantasy,Fantasy Game,00:01.625,Epic Stock Media,24,96000,2,"Brian Fairbanks, Epic Stock Media",Fantasy Game Craft Air Bubble Suction Pop Cork 2 Water,https://epicstockmedia.com,"Brain Fairbanks, Gregory Mcmanus, Epic Stock Media",All files are Copyright Epic Stock Media - All Rights Reserved © 2021 Epic Stock Media
Fantasy_Game_Crafting_Armor_or_Weapon_1.wav,"crafting, profession, spell, enchantment, building, construction, skill, skinning, tailor, mining, mmo, rpg, fantasy",Crafting,Fantasy,Fantasy Game,00:01.500,Epic Stock Media,24,96000,2,"Brian Fairbanks, Epic Stock Media",Fantasy Game Craft Armor or Weapon 1,https://epicstockmedia.com,"Brain Fairbanks, Gregory Mcmanus, Epic Stock Media",All files are Copyright Epic Stock Media - All Rights Reserved © 2021 Epic Stock Media
Fantasy_Game_Crafting_Armor_or_Weapon_2.wav,"crafting, profession, spell, enchantment, building, construction, skill, skinning, tailor, mining, mmo, rpg, fantasy",Crafting,Fantasy,Fantasy Game,00:01.500,Epic Stock Media,24,96000,2,"Brian Fairbanks, Epic Stock Media",Fantasy Game Craft Armor or Weapon 2,https://epicstockmedia.com,"Brain Fairbanks, Gregory Mcmanus, Epic Stock Media",All files are Copyright Epic Stock Media - All Rights Reserved © 2021 Epic Stock Media
Fantasy_Game_Crafting_Arrows_A.wav,"crafting, profession, spell, enchantment, building, construction, skill, skinning, tailor, mining, mmo, rpg, fantasy",Crafting,Fantasy,Fantasy Game,00:01.686,Epic Stock Media,24,96000,2,"Brian Fairbanks, Epic Stock Media",Fantasy Game Crafting Arrows,https://epicstockmedia.com,"Brain Fairbanks, Gregory Mcmanus, Epic Stock Media",All files are Copyright Epic Stock Media - All Rights Reserved © 2021 Epic Stock Media
Fantasy_Game_Crafting_Arrows_B.wav,"crafting, profession, spell, enchantment, building, construction, skill, skinning, tailor, mining, mmo, rpg, fantasy",Crafting,Fantasy,Fantasy Game,00:02.263,Epic Stock Media,24,96000,2,"Brian Fairbanks, Epic Stock Media",Fantasy Game Crafting Arrows,https://epicstockmedia.com,"Brain Fairbanks, Gregory Mcmanus, Epic Stock Media",All files are Copyright Epic Stock Media - All Rights Reserved © 2021 Epic Stock Media
Fantasy_Game_Crafting_Drop_Reagent_A.wav,"crafting, profession, spell, enchantment, building, construction, skill, skinning, tailor, mining, mmo, rpg, fantasy",Crafting,Fantasy,Fantasy Game,00:06.168,Epic Stock Media,24,96000,2,"Brian Fairbanks, Epic Stock Media",Fantasy Game Craft Drop Reagent,https://epicstockmedia.com,"Brain Fairbanks, Gregory Mcmanus, Epic Stock Media",All files are Copyright Epic Stock Media - All Rights Reserved © 2021 Epic Stock Media
Fantasy_Game_Crafting_Drop_Reagent_B.wav,"crafting, profession, spell, enchantment, building, construction, skill, skinning, tailor, mining, mmo, rpg, fantasy",Crafting,Fantasy,Fantasy Game,00:06.771,Epic Stock Media,24,96000,2,"Brian Fairbanks, Epic Stock Media",Fantasy Game Craft Drop Reagent,https://epicstockmedia.com,"Brain Fairbanks, Gregory Mcmanus, Epic Stock Media",All files are Copyright Epic Stock Media - All Rights Reserved © 2021 Epic Stock Media
Fantasy_Game_Crafting_Drop_Reagent_C.wav,"crafting, profession, spell, enchantment, building, construction, skill, skinning, tailor, mining, mmo, rpg, fantasy",Crafting,Fantasy,Fantasy Game,00:06.573,Epic Stock Media,24,96000,2,"Brian Fairbanks, Epic Stock Media",Fantasy Game Craft Drop Reagent,https://epicstockmedia.com,"Brain Fairbanks, Gregory Mcmanus, Epic Stock Media",All files are Copyright Epic Stock Media - All Rights Reserved © 2021 Epic Stock Media
Fantasy_Game_Crafting_Drop_Reagent_D.wav,"crafting, profession, spell, enchantment, building, construction, skill, skinning, tailor, mining, mmo, rpg, fantasy",Crafting,Fantasy,Fantasy Game,00:08.043,Epic Stock Media,24,96000,2,"Brian Fairbanks, Epic Stock Media",Fantasy Game Craft Drop Reagent,https://epicstockmedia.com,"Brain Fairbanks, Gregory Mcmanus, Epic Stock Media",All files are Copyright Epic Stock Media - All Rights Reserved © 2021 Epic Stock Media
Fantasy_Game_Crafting_Fire_Forge_Burn_1.wav,"crafting, profession, spell, enchantment, building, construction, skill, skinning, tailor, mining, mmo, rpg, fantasy",Crafting,Fantasy,Fantasy Game,00:04.500,Epic Stock Media,24,96000,2,"Brian Fairbanks, Epic Stock Media",Fantasy Game Craft Fire Forge Burn 1,https://epicstockmedia.com,"Brain Fairbanks, Gregory Mcmanus, Epic Stock Media",All files are Copyright Epic Stock Media - All Rights Reserved © 2021 Epic Stock Media
Fantasy_Game_Crafting_Fire_Forge_Burn_2.wav,"crafting, profession, spell, enchantment, building, construction, skill, skinning, tailor, mining, mmo, rpg, fantasy",Crafting,Fantasy,Fantasy Game,00:06.000,Epic Stock Media,24,96000,2,"Brian Fairbanks, Epic Stock Media",Fantasy Game Craft Fire Forge Burn 2,https://epicstockmedia.com,"Brain Fairbanks, Gregory Mcmanus, Epic Stock Media",All files are Copyright Epic Stock Media - All Rights Reserved © 2021 Epic Stock Media
Fantasy_Game_Crafting_Fire_Forge_Burn_3.wav,"crafting, profession, spell, enchantment, building, construction, skill, skinning, tailor, mining, mmo, rpg, fantasy",Crafting,Fantasy,Fantasy Game,00:05.625,Epic Stock Media,24,96000,2,"Brian Fairbanks, Epic Stock Media",Fantasy Game Craft Fire Forge Burn 3,https://epicstockmedia.com,"Brain Fairbanks, Gregory Mcmanus, Epic Stock Media",All files are Copyright Epic Stock Media - All Rights Reserved © 2021 Epic Stock Media
Fantasy_Game_Crafting_Fire_Forge_Burn_4.wav,"crafting, profession, spell, enchantment, building, construction, skill, skinning, tailor, mining, mmo, rpg, fantasy",Crafting,Fantasy,Fantasy Game,00:05.750,Epic Stock Media,24,96000,2,"Brian Fairbanks, Epic Stock Media",Fantasy Game Craft Fire Forge Burn 4,https://epicstockmedia.com,"Brain Fairbanks, Gregory Mcmanus, Epic Stock Media",All files are Copyright Epic Stock Media - All Rights Reserved © 2021 Epic Stock Media
Fantasy_Game_Crafting_Gather_Herb_A.wav,"crafting, profession, spell, enchantment, building, construction, skill, skinning, tailor, mining, mmo, rpg, fantasy",Crafting,Fantasy,Fantasy Game,00:01.750,Epic Stock Media,24,96000,2,"Brian Fairbanks, Epic Stock Media",Fantasy Game Craft Gather Herb,https://epicstockmedia.com,"Brain Fairbanks, Gregory Mcmanus, Epic Stock Media",All files are Copyright Epic Stock Media - All Rights Reserved © 2021 Epic Stock Media
Fantasy_Game_Crafting_Gather_Herb_B.wav,"crafting, profession, spell, enchantment, building, construction, skill, skinning, tailor, mining, mmo, rpg, fantasy",Crafting,Fantasy,Fantasy Game,00:03.000,Epic Stock Media,24,96000,2,"Brian Fairbanks, Epic Stock Media",Fantasy Game Craft Gather Herb,https://epicstockmedia.com,"Brain Fairbanks, Gregory Mcmanus, Epic Stock Media",All files are Copyright Epic Stock Media - All Rights Reserved © 2021 Epic Stock Media
Fantasy_Game_Crafting_Gather_Herb_C.wav,"crafting, profession, spell, enchantment, building, construction, skill, skinning, tailor, mining, mmo, rpg, fantasy",Crafting,Fantasy,Fantasy Game,00:02.250,Epic Stock Media,24,96000,2,"Brian Fairbanks, Epic Stock Media",Fantasy Game Craft Gather Herb,https://epicstockmedia.com,"Brain Fairbanks, Gregory Mcmanus, Epic Stock Media",All files are Copyright Epic Stock Media - All Rights Reserved © 2021 Epic Stock Media
Fantasy_Game_Crafting_Inventory_Material_Pick_Up.wav,"crafting, profession, spell, enchantment, building, construction, skill, skinning, tailor, mining, mmo, rpg, fantasy",Crafting,Fantasy,Fantasy Game,00:01.250,Epic Stock Media,24,96000,2,"Brian Fairbanks, Epic Stock Media",Fantasy Game Inventory Material Pick Up,https://epicstockmedia.com,"Brain Fairbanks, Gregory Mcmanus, Epic Stock Media",All files are Copyright Epic Stock Media - All Rights Reserved © 2021 Epic Stock Media
Fantasy_Game_Crafting_Inventory_Material_Pick_Up_2.wav,"crafting, profession, spell, enchantment, building, construction, skill, skinning, tailor, mining, mmo, rpg, fantasy",Crafting,Fantasy,Fantasy Game,00:01.500,Epic Stock Media,24,96000,2,"Brian Fairbanks, Epic Stock Media",Fantasy Game Inventory Material Pick Up 2,https://epicstockmedia.com,"Brain Fairbanks, Gregory Mcmanus, Epic Stock Media",All files are Copyright Epic Stock Media - All Rights Reserved © 2021 Epic Stock Media
Fantasy_Game_Crafting_Inventory_Material_Stone_Touch.wav,"crafting, profession, spell, enchantment, building, construction, skill, skinning, tailor, mining, mmo, rpg, fantasy",Crafting,Fantasy,Fantasy Game,00:01.000,Epic Stock Media,24,96000,2,"Brian Fairbanks, Epic Stock Media",Fantasy Game Inventory Material Stone Touch,https://epicstockmedia.com,"Brain Fairbanks, Gregory Mcmanus, Epic Stock Media",All files are Copyright Epic Stock Media - All Rights Reserved © 2021 Epic Stock Media
Fantasy_Game_Crafting_Inventory_Material_Stone_Touch_2.wav,"crafting, profession, spell, enchantment, building, construction, skill, skinning, tailor, mining, mmo, rpg, fantasy",Crafting,Fantasy,Fantasy Game,00:00.500,Epic Stock Media,24,96000,2,"Brian Fairbanks, Epic Stock Media",Fantasy Game Inventory Material Stone Touch 2,https://epicstockmedia.com,"Brain Fairbanks, Gregory Mcmanus, Epic Stock Media",All files are Copyright Epic Stock Media - All Rights Reserved © 2021 Epic Stock Media
Fantasy_Game_Crafting_Inventory_Material_Stone_Touch_3.wav,"crafting, profession, spell, enchantment, building, construction, skill, skinning, tailor, mining, mmo, rpg, fantasy",Crafting,Fantasy,Fantasy Game,00:01.000,Epic Stock Media,24,96000,2,"Brian Fairbanks, Epic Stock Media",Fantasy Game Inventory Material Stone Touch 3,https://epicstockmedia.com,"Brain Fairbanks, Gregory Mcmanus, Epic Stock Media",All files are Copyright Epic Stock Media - All Rights Reserved © 2021 Epic Stock Media
Fantasy_Game_Crafting_Inventory_Material_Stone_Touch_4_Magic.wav,"crafting, profession, spell, enchantment, building, construction, skill, skinning, tailor, mining, mmo, rpg, fantasy",Crafting,Fantasy,Fantasy Game,00:01.500,Epic Stock Media,24,96000,2,"Brian Fairbanks, Epic Stock Media",Fantasy Game Inventory Material Stone Touch 4 Magic,https://epicstockmedia.com,"Brain Fairbanks, Gregory Mcmanus, Epic Stock Media",All files are Copyright Epic Stock Media - All Rights Reserved © 2021 Epic Stock Media
Fantasy_Game_Crafting_Inventory_Material_Stone_Touch_6.wav,"crafting, profession, spell, enchantment, building, construction, skill, skinning, tailor, mining, mmo, rpg, fantasy",Crafting,Fantasy,Fantasy Game,00:00.833,Epic Stock Media,24,96000,2,"Brian Fairbanks, Epic Stock Media",Fantasy Game Inventory Material Stone Touch 6,https://epicstockmedia.com,"Brain Fairbanks, Gregory Mcmanus, Epic Stock Media",All files are Copyright Epic Stock Media - All Rights Reserved © 2021 Epic Stock Media
Fantasy_Game_Crafting_Inventory_Material_Stone_Touch_7_Magic_Break.wav,"crafting, profession, spell, enchantment, building, construction, skill, skinning, tailor, mining, mmo, rpg, fantasy",Crafting,Fantasy,Fantasy Game,00:02.125,Epic Stock Media,24,96000,2,"Brian Fairbanks, Epic Stock Media",Fantasy Game Inventory Material Stone Touch 7 Magic Break,https://epicstockmedia.com,"Brain Fairbanks, Gregory Mcmanus, Epic Stock Media",All files are Copyright Epic Stock Media - All Rights Reserved © 2021 Epic Stock Media
Fantasy_Game_Crafting_Item_Potion_Bottle_A.wav,"crafting, profession, spell, enchantment, building, construction, skill, skinning, tailor, mining, mmo, rpg, fantasy",Crafting,Fantasy,Fantasy Game,00:00.444,Epic Stock Media,24,96000,2,"Brian Fairbanks, Epic Stock Media",Fantasy Game Item Potion Bottle,https://epicstockmedia.com,"Brain Fairbanks, Gregory Mcmanus, Epic Stock Media",All files are Copyright Epic Stock Media - All Rights Reserved © 2021 Epic Stock Media
Fantasy_Game_Crafting_Long_Poison_1.wav,"crafting, profession, spell, enchantment, building, construction, skill, skinning, tailor, mining, mmo, rpg, fantasy",Crafting,Fantasy,Fantasy Game,00:04.421,Epic Stock Media,24,96000,2,"Brian Fairbanks, Epic Stock Media",Fantasy Game Long Poison 1,https://epicstockmedia.com,"Brain Fairbanks, Gregory Mcmanus, Epic Stock Media",All files are Copyright Epic Stock Media - All Rights Reserved © 2021 Epic Stock Media
Fantasy_Game_Crafting_Long_Poison_2.wav,"crafting, profession, spell, enchantment, building, construction, skill, skinning, tailor, mining, mmo, rpg, fantasy",Crafting,Fantasy,Fantasy Game,00:03.776,Epic Stock Media,24,96000,2,"Brian Fairbanks, Epic Stock Media",Fantasy Game Long Poison 2,https://epicstockmedia.com,"Brain Fairbanks, Gregory Mcmanus, Epic Stock Media",All files are Copyright Epic Stock Media - All Rights Reserved © 2021 Epic Stock Media
Fantasy_Game_Crafting_Magic_Buff_1.wav,"crafting, profession, spell, enchantment, building, construction, skill, skinning, tailor, mining, mmo, rpg, fantasy",Crafting,Fantasy,Fantasy Game,00:02.416,Epic Stock Media,24,96000,2,"Brian Fairbanks, Epic Stock Media",Fantasy Game Craft Magic Buff 1,https://epicstockmedia.com,"Brain Fairbanks, Gregory Mcmanus, Epic Stock Media",All files are Copyright Epic Stock Media - All Rights Reserved © 2021 Epic Stock Media
Fantasy_Game_Crafting_Material_Harvest_1_Wet.wav,"crafting, profession, spell, enchantment, building, construction, skill, skinning, tailor, mining, mmo, rpg, fantasy",Crafting,Fantasy,Fantasy Game,00:01.125,Epic Stock Media,24,96000,2,"Brian Fairbanks, Epic Stock Media",Fantasy Game Material Harvest 1 Wet,https://epicstockmedia.com,"Brain Fairbanks, Gregory Mcmanus, Epic Stock Media",All files are Copyright Epic Stock Media - All Rights Reserved © 2021 Epic Stock Media
Fantasy_Game_Crafting_Material_Harvest_2_Wet.wav,"crafting, profession, spell, enchantment, building, construction, skill, skinning, tailor, mining, mmo, rpg, fantasy",Crafting,Fantasy,Fantasy Game,00:01.500,Epic Stock Media,24,96000,2,"Brian Fairbanks, Epic Stock Media",Fantasy Game Material Harvest 2 Wet,https://epicstockmedia.com,"Brain Fairbanks, Gregory Mcmanus, Epic Stock Media",All files are Copyright Epic Stock Media - All Rights Reserved © 2021 Epic Stock Media
Fantasy_Game_Crafting_Material_Liquid_Bubble_Pick_Up_1.wav,"crafting, profession, spell, enchantment, building, construction, skill, skinning, tailor, mining, mmo, rpg, fantasy",Crafting,Fantasy,Fantasy Game,00:02.250,Epic Stock Media,24,96000,2,"Brian Fairbanks, Epic Stock Media",Fantasy Game Material Liquid Bubble Pick Up 1,https://epicstockmedia.com,"Brain Fairbanks, Gregory Mcmanus, Epic Stock Media",All files are Copyright Epic Stock Media - All Rights Reserved © 2021 Epic Stock Media
Fantasy_Game_Crafting_Material_Liquid_Bubble_Pick_Up_2.wav,"crafting, profession, spell, enchantment, building, construction, skill, skinning, tailor, mining, mmo, rpg, fantasy",Crafting,Fantasy,Fantasy Game,00:02.250,Epic Stock Media,24,96000,2,"Brian Fairbanks, Epic Stock Media",Fantasy Game Material Liquid Bubble Pick Up 2,https://epicstockmedia.com,"Brain Fairbanks, Gregory Mcmanus, Epic Stock Media",All files are Copyright Epic Stock Media - All Rights Reserved © 2021 Epic Stock Media
Fantasy_Game_Crafting_Material_Liquid_Deep_Hit_1.wav,"crafting, profession, spell, enchantment, building, construction, skill, skinning, tailor, mining, mmo, rpg, fantasy",Crafting,Fantasy,Fantasy Game,00:01.000,Epic Stock Media,24,96000,2,"Brian Fairbanks, Epic Stock Media",Fantasy Game Material Liquid Deep Hit 1,https://epicstockmedia.com,"Brain Fairbanks, Gregory Mcmanus, Epic Stock Media",All files are Copyright Epic Stock Media - All Rights Reserved © 2021 Epic Stock Media
Fantasy_Game_Crafting_Material_Liquid_Deep_Hit_2.wav,"crafting, profession, spell, enchantment, building, construction, skill, skinning, tailor, mining, mmo, rpg, fantasy",Crafting,Fantasy,Fantasy Game,00:01.000,Epic Stock Media,24,96000,2,"Brian Fairbanks, Epic Stock Media",Fantasy Game Material Liquid Deep Hit 2,https://epicstockmedia.com,"Brain Fairbanks, Gregory Mcmanus, Epic Stock Media",All files are Copyright Epic Stock Media - All Rights Reserved © 2021 Epic Stock Media
Fantasy_Game_Crafting_Material_Liquid_Pick_Up_1.wav,"crafting, profession, spell, enchantment, building, construction, skill, skinning, tailor, mining, mmo, rpg, fantasy",Crafting,Fantasy,Fantasy Game,00:01.277,Epic Stock Media,24,96000,2,"Brian Fairbanks, Epic Stock Media",Fantasy Game Material Liquid Pick Up 1,https://epicstockmedia.com,"Brain Fairbanks, Gregory Mcmanus, Epic Stock Media",All files are Copyright Epic Stock Media - All Rights Reserved © 2021 Epic Stock Media
Fantasy_Game_Crafting_Material_Liquid_Pick_Up_2_Jug.wav,"crafting, profession, spell, enchantment, building, construction, skill, skinning, tailor, mining, mmo, rpg, fantasy",Crafting,Fantasy,Fantasy Game,00:01.000,Epic Stock Media,24,96000,2,"Brian Fairbanks, Epic Stock Media",Fantasy Game Material Liquid Pick Up 2 Jug,https://epicstockmedia.com,"Brain Fairbanks, Gregory Mcmanus, Epic Stock Media",All files are Copyright Epic Stock Media - All Rights Reserved © 2021 Epic Stock Media
Fantasy_Game_Crafting_Material_Liquid_Pick_Up_3.wav,"crafting, profession, spell, enchantment, building, construction, skill, skinning, tailor, mining, mmo, rpg, fantasy",Crafting,Fantasy,Fantasy Game,00:01.500,Epic Stock Media,24,96000,2,"Brian Fairbanks, Epic Stock Media",Fantasy Game Material Liquid Pick Up 3,https://epicstockmedia.com,"Brain Fairbanks, Gregory Mcmanus, Epic Stock Media",All files are Copyright Epic Stock Media - All Rights Reserved © 2021 Epic Stock Media
Fantasy_Game_Crafting_Material_Stone_Break_with_Liquid.wav,"crafting, profession, spell, enchantment, building, construction, skill, skinning, tailor, mining, mmo, rpg, fantasy",Crafting,Fantasy,Fantasy Game,00:01.812,Epic Stock Media,24,96000,2,"Brian Fairbanks, Epic Stock Media",Fantasy Game Material Stone Break with Liquid,https://epicstockmedia.com,"Brain Fairbanks, Gregory Mcmanus, Epic Stock Media",All files are Copyright Epic Stock Media - All Rights Reserved © 2021 Epic Stock Media
Fantasy_Game_Crafting_Material_Stone_Heavy_Slide.wav,"crafting, profession, spell, enchantment, building, construction, skill, skinning, tailor, mining, mmo, rpg, fantasy",Crafting,Fantasy,Fantasy Game,00:02.125,Epic Stock Media,24,96000,2,"Brian Fairbanks, Epic Stock Media",Fantasy Game Material Stone Heavy Slide,https://epicstockmedia.com,"Brain Fairbanks, Gregory Mcmanus, Epic Stock Media",All files are Copyright Epic Stock Media - All Rights Reserved © 2021 Epic Stock Media
Fantasy_Game_Crafting_Material_Stone_Light_Hit_1.wav,"crafting, profession, spell, enchantment, building, construction, skill, skinning, tailor, mining, mmo, rpg, fantasy",Crafting,Fantasy,Fantasy Game,00:01.250,Epic Stock Media,24,96000,2,"Brian Fairbanks, Epic Stock Media",Fantasy Game Material Stone Light Hit 1,https://epicstockmedia.com,"Brain Fairbanks, Gregory Mcmanus, Epic Stock Media",All files are Copyright Epic Stock Media - All Rights Reserved © 2021 Epic Stock Media
Fantasy_Game_Crafting_Material_Stone_Light_Hit_2.wav,"crafting, profession, spell, enchantment, building, construction, skill, skinning, tailor, mining, mmo, rpg, fantasy",Crafting,Fantasy,Fantasy Game,00:01.250,Epic Stock Media,24,96000,2,"Brian Fairbanks, Epic Stock Media",Fantasy Game Material Stone Light Hit 2,https://epicstockmedia.com,"Brain Fairbanks, Gregory Mcmanus, Epic Stock Media",All files are Copyright Epic Stock Media - All Rights Reserved © 2021 Epic Stock Media
Fantasy_Game_Crafting_Material_Stone_Light_Hit_4.wav,"crafting, profession, spell, enchantment, building, construction, skill, skinning, tailor, mining, mmo, rpg, fantasy",Crafting,Fantasy,Fantasy Game,00:00.875,Epic Stock Media,24,96000,2,"Brian Fairbanks, Epic Stock Media",Fantasy Game Material Stone Light Hit 4,https://epicstockmedia.com,"Brain Fairbanks, Gregory Mcmanus, Epic Stock Media",All files are Copyright Epic Stock Media - All Rights Reserved © 2021 Epic Stock Media
Fantasy_Game_Crafting_Material_Stone_Light_Hit_5.wav,"crafting, profession, spell, enchantment, building, construction, skill, skinning, tailor, mining, mmo, rpg, fantasy",Crafting,Fantasy,Fantasy Game,00:01.250,Epic Stock Media,24,96000,2,"Brian Fairbanks, Epic Stock Media",Fantasy Game Material Stone Light Hit 5,https://epicstockmedia.com,"Brain Fairbanks, Gregory Mcmanus, Epic Stock Media",All files are Copyright Epic Stock Media - All Rights Reserved © 2021 Epic Stock Media
Fantasy_Game_Crafting_Material_Stone_Light_Slide.wav,"crafting, profession, spell, enchantment, building, construction, skill, skinning, tailor, mining, mmo, rpg, fantasy",Crafting,Fantasy,Fantasy Game,00:01.500,Epic Stock Media,24,96000,2,"Brian Fairbanks, Epic Stock Media",Fantasy Game Material Stone Light Slide,https://epicstockmedia.com,"Brain Fairbanks, Gregory Mcmanus, Epic Stock Media",All files are Copyright Epic Stock Media - All Rights Reserved © 2021 Epic Stock Media
Fantasy_Game_Crafting_Material_Stone_Magic_Debris_Hit_1.wav,"crafting, profession, spell, enchantment, building, construction, skill, skinning, tailor, mining, mmo, rpg, fantasy",Crafting,Fantasy,Fantasy Game,00:02.125,Epic Stock Media,24,96000,2,"Brian Fairbanks, Epic Stock Media",Fantasy Game Material Stone Magic Debris Hit 1,https://epicstockmedia.com,"Brain Fairbanks, Gregory Mcmanus, Epic Stock Media",All files are Copyright Epic Stock Media - All Rights Reserved © 2021 Epic Stock Media
Fantasy_Game_Crafting_Material_Stone_Magic_Debris_Hit_2_Dry.wav,"crafting, profession, spell, enchantment, building, construction, skill, skinning, tailor, mining, mmo, rpg, fantasy",Crafting,Fantasy,Fantasy Game,00:02.000,Epic Stock Media,24,96000,2,"Brian Fairbanks, Epic Stock Media",Fantasy Game Material Stone Magic Debris Hit 2 Dry,https://epicstockmedia.com,"Brain Fairbanks, Gregory Mcmanus, Epic Stock Media",All files are Copyright Epic Stock Media - All Rights Reserved © 2021 Epic Stock Media
Fantasy_Game_Crafting_Material_Stone_Magic_Debris_Hit_3_Dry.wav,"crafting, profession, spell, enchantment, building, construction, skill, skinning, tailor, mining, mmo, rpg, fantasy",Crafting,Fantasy,Fantasy Game,00:02.500,Epic Stock Media,24,96000,2,"Brian Fairbanks, Epic Stock Media",Fantasy Game Material Stone Magic Debris Hit 3 Dry,https://epicstockmedia.com,"Brain Fairbanks, Gregory Mcmanus, Epic Stock Media",All files are Copyright Epic Stock Media - All Rights Reserved © 2021 Epic Stock Media
Fantasy_Game_Crafting_Material_Stone_Magic_Debris_Hit_4.wav,"crafting, profession, spell, enchantment, building, construction, skill, skinning, tailor, mining, mmo, rpg, fantasy",Crafting,Fantasy,Fantasy Game,00:02.500,Epic Stock Media,24,96000,2,"Brian Fairbanks, Epic Stock Media",Fantasy Game Material Stone Magic Debris Hit 4,https://epicstockmedia.com,"Brain Fairbanks, Gregory Mcmanus, Epic Stock Media",All files are Copyright Epic Stock Media - All Rights Reserved © 2021 Epic Stock Media
Fantasy_Game_Crafting_Material_Stone_Medium_Slide.wav,"crafting, profession, spell, enchantment, building, construction, skill, skinning, tailor, mining, mmo, rpg, fantasy",Crafting,Fantasy,Fantasy Game,00:02.000,Epic Stock Media,24,96000,2,"Brian Fairbanks, Epic Stock Media",Fantasy Game Material Stone Medium Slide,https://epicstockmedia.com,"Brain Fairbanks, Gregory Mcmanus, Epic Stock Media",All files are Copyright Epic Stock Media - All Rights Reserved © 2021 Epic Stock Media
Fantasy_Game_Crafting_Material_Stone_Pick_Up_1.wav,"crafting, profession, spell, enchantment, building, construction, skill, skinning, tailor, mining, mmo, rpg, fantasy",Crafting,Fantasy,Fantasy Game,00:01.000,Epic Stock Media,24,96000,2,"Brian Fairbanks, Epic Stock Media",Fantasy Game Material Stone Pick Up 1,https://epicstockmedia.com,"Brain Fairbanks, Gregory Mcmanus, Epic Stock Media",All files are Copyright Epic Stock Media - All Rights Reserved © 2021 Epic Stock Media
Fantasy_Game_Crafting_Material_Stone_Pick_Up_2.wav,"crafting, profession, spell, enchantment, building, construction, skill, skinning, tailor, mining, mmo, rpg, fantasy",Crafting,Fantasy,Fantasy Game,00:01.250,Epic Stock Media,24,96000,2,"Brian Fairbanks, Epic Stock Media",Fantasy Game Material Stone Pick Up 2,https://epicstockmedia.com,"Brain Fairbanks, Gregory Mcmanus, Epic Stock Media",All files are Copyright Epic Stock Media - All Rights Reserved © 2021 Epic Stock Media
Fantasy_Game_Crafting_Material_Stone_Pick_Up_3.wav,"crafting, profession, spell, enchantment, building, construction, skill, skinning, tailor, mining, mmo, rpg, fantasy",Crafting,Fantasy,Fantasy Game,00:00.875,Epic Stock Media,24,96000,2,"Brian Fairbanks, Epic Stock Media",Fantasy Game Material Stone Pick Up 3,https://epicstockmedia.com,"Brain Fairbanks, Gregory Mcmanus, Epic Stock Media",All files are Copyright Epic Stock Media - All Rights Reserved © 2021 Epic Stock Media
Fantasy_Game_Crafting_Material_Stone_Pick_Up_4.wav,"crafting, profession, spell, enchantment, building, construction, skill, skinning, tailor, mining, mmo, rpg, fantasy",Crafting,Fantasy,Fantasy Game,00:01.125,Epic Stock Media,24,96000,2,"Brian Fairbanks, Epic Stock Media",Fantasy Game Material Stone Pick Up 4,https://epicstockmedia.com,"Brain Fairbanks, Gregory Mcmanus, Epic Stock Media",All files are Copyright Epic Stock Media - All Rights Reserved © 2021 Epic Stock Media
Fantasy_Game_Crafting_Material_Stone_Pick_Up_5.wav,"crafting, profession, spell, enchantment, building, construction, skill, skinning, tailor, mining, mmo, rpg, fantasy",Crafting,Fantasy,Fantasy Game,00:01.062,Epic Stock Media,24,96000,2,"Brian Fairbanks, Epic Stock Media",Fantasy Game Material Stone Pick Up 5,https://epicstockmedia.com,"Brain Fairbanks, Gregory Mcmanus, Epic Stock Media",All files are Copyright Epic Stock Media - All Rights Reserved © 2021 Epic Stock Media
Fantasy_Game_Crafting_Material_Stone_Pick_Up_6.wav,"crafting, profession, spell, enchantment, building, construction, skill, skinning, tailor, mining, mmo, rpg, fantasy",Crafting,Fantasy,Fantasy Game,00:00.750,Epic Stock Media,24,96000,2,"Brian Fairbanks, Epic Stock Media",Fantasy Game Material Stone Pick Up 6,https://epicstockmedia.com,"Brain Fairbanks, Gregory Mcmanus, Epic Stock Media",All files are Copyright Epic Stock Media - All Rights Reserved © 2021 Epic Stock Media
Fantasy_Game_Crafting_Material_Stone_Touch_7.wav,"crafting, profession, spell, enchantment, building, construction, skill, skinning, tailor, mining, mmo, rpg, fantasy",Crafting,Fantasy,Fantasy Game,00:01.750,Epic Stock Media,24,96000,2,"Brian Fairbanks, Epic Stock Media",Fantasy Game Material Stone Touch 7,https://epicstockmedia.com,"Brain Fairbanks, Gregory Mcmanus, Epic Stock Media",All files are Copyright Epic Stock Media - All Rights Reserved © 2021 Epic Stock Media
Fantasy_Game_Crafting_Material_Stone_Touch_8.wav,"crafting, profession, spell, enchantment, building, construction, skill, skinning, tailor, mining, mmo, rpg, fantasy",Crafting,Fantasy,Fantasy Game,00:02.500,Epic Stock Media,24,96000,2,"Brian Fairbanks, Epic Stock Media",Fantasy Game Material Stone Touch 8,https://epicstockmedia.com,"Brain Fairbanks, Gregory Mcmanus, Epic Stock Media",All files are Copyright Epic Stock Media - All Rights Reserved © 2021 Epic Stock Media
Fantasy_Game_Crafting_Material_Water_Bubble_Potion.wav,"crafting, profession, spell, enchantment, building, construction, skill, skinning, tailor, mining, mmo, rpg, fantasy",Crafting,Fantasy,Fantasy Game,00:01.000,Epic Stock Media,24,96000,2,"Brian Fairbanks, Epic Stock Media",Fantasy Game Material Water Bubble Potion,https://epicstockmedia.com,"Brain Fairbanks, Gregory Mcmanus, Epic Stock Media",All files are Copyright Epic Stock Media - All Rights Reserved © 2021 Epic Stock Media
Fantasy_Game_Crafting_Material_Water_Bubble_Potion_3.wav,"crafting, profession, spell, enchantment, building, construction, skill, skinning, tailor, mining, mmo, rpg, fantasy",Crafting,Fantasy,Fantasy Game,00:02.750,Epic Stock Media,24,96000,2,"Brian Fairbanks, Epic Stock Media",Fantasy Game Material Water Bubble Potion 3,https://epicstockmedia.com,"Brain Fairbanks, Gregory Mcmanus, Epic Stock Media",All files are Copyright Epic Stock Media - All Rights Reserved © 2021 Epic Stock Media
Fantasy_Game_Crafting_Material_Water_Bubble_Potion_5.wav,"crafting, profession, spell, enchantment, building, construction, skill, skinning, tailor, mining, mmo, rpg, fantasy",Crafting,Fantasy,Fantasy Game,00:02.750,Epic Stock Media,24,96000,2,"Brian Fairbanks, Epic Stock Media",Fantasy Game Material Water Bubble Potion 5,https://epicstockmedia.com,"Brain Fairbanks, Gregory Mcmanus, Epic Stock Media",All files are Copyright Epic Stock Media - All Rights Reserved © 2021 Epic Stock Media
Fantasy_Game_Crafting_Material_Wood_Crate_Break.wav,"crafting, profession, spell, enchantment, building, construction, skill, skinning, tailor, mining, mmo, rpg, fantasy",Crafting,Fantasy,Fantasy Game,00:00.875,Epic Stock Media,24,96000,2,"Brian Fairbanks, Epic Stock Media",Fantasy Game Material Wood Crate Break,https://epicstockmedia.com,"Brain Fairbanks, Gregory Mcmanus, Epic Stock Media",All files are Copyright Epic Stock Media - All Rights Reserved © 2021 Epic Stock Media
Fantasy_Game_Crafting_Material_Wood_Crate_Break_2.wav,"crafting, profession, spell, enchantment, building, construction, skill, skinning, tailor, mining, mmo, rpg, fantasy",Crafting,Fantasy,Fantasy Game,00:00.750,Epic Stock Media,24,96000,2,"Brian Fairbanks, Epic Stock Media",Fantasy Game Material Wood Crate Break 2,https://epicstockmedia.com,"Brain Fairbanks, Gregory Mcmanus, Epic Stock Media",All files are Copyright Epic Stock Media - All Rights Reserved © 2021 Epic Stock Media
Fantasy_Game_Crafting_Material_Wood_Crate_Break_3.wav,"crafting, profession, spell, enchantment, building, construction, skill, skinning, tailor, mining, mmo, rpg, fantasy",Crafting,Fantasy,Fantasy Game,00:01.125,Epic Stock Media,24,96000,2,"Brian Fairbanks, Epic Stock Media",Fantasy Game Material Wood Crate Break 3,https://epicstockmedia.com,"Brain Fairbanks, Gregory Mcmanus, Epic Stock Media",All files are Copyright Epic Stock Media - All Rights Reserved © 2021 Epic Stock Media
Fantasy_Game_Crafting_Metal_Trap.wav,"crafting, profession, spell, enchantment, building, construction, skill, skinning, tailor, mining, mmo, rpg, fantasy",Crafting,Fantasy,Fantasy Game,00:01.923,Epic Stock Media,24,96000,2,"Brian Fairbanks, Epic Stock Media",Fantasy Game Crafting Metal Trap,https://epicstockmedia.com,"Brain Fairbanks, Gregory Mcmanus, Epic Stock Media",All files are Copyright Epic Stock Media - All Rights Reserved © 2021 Epic Stock Media
Fantasy_Game_Crafting_Organic_Item_Slide_1.wav,"crafting, profession, spell, enchantment, building, construction, skill, skinning, tailor, mining, mmo, rpg, fantasy",Crafting,Fantasy,Fantasy Game,00:01.500,Epic Stock Media,24,96000,2,"Brian Fairbanks, Epic Stock Media",Fantasy Game Organic Item Slide 1,https://epicstockmedia.com,"Brain Fairbanks, Gregory Mcmanus, Epic Stock Media",All files are Copyright Epic Stock Media - All Rights Reserved © 2021 Epic Stock Media
Fantasy_Game_Crafting_Organic_Item_Slide_2.wav,"crafting, profession, spell, enchantment, building, construction, skill, skinning, tailor, mining, mmo, rpg, fantasy",Crafting,Fantasy,Fantasy Game,00:02.500,Epic Stock Media,24,96000,2,"Brian Fairbanks, Epic Stock Media",Fantasy Game Organic Item Slide 2,https://epicstockmedia.com,"Brain Fairbanks, Gregory Mcmanus, Epic Stock Media",All files are Copyright Epic Stock Media - All Rights Reserved © 2021 Epic Stock Media
Fantasy_Game_Crafting_Poison_1.wav,"crafting, profession, spell, enchantment, building, construction, skill, skinning, tailor, mining, mmo, rpg, fantasy",Crafting,Fantasy,Fantasy Game,00:01.705,Epic Stock Media,24,96000,2,"Brian Fairbanks, Epic Stock Media",Fantasy Game Poison 1,https://epicstockmedia.com,"Brain Fairbanks, Gregory Mcmanus, Epic Stock Media",All files are Copyright Epic Stock Media - All Rights Reserved © 2021 Epic Stock Media
Fantasy_Game_Crafting_Poison_2.wav,"crafting, profession, spell, enchantment, building, construction, skill, skinning, tailor, mining, mmo, rpg, fantasy",Crafting,Fantasy,Fantasy Game,00:01.625,Epic Stock Media,24,96000,2,"Brian Fairbanks, Epic Stock Media",Fantasy Game Poison 2,https://epicstockmedia.com,"Brain Fairbanks, Gregory Mcmanus, Epic Stock Media",All files are Copyright Epic Stock Media - All Rights Reserved © 2021 Epic Stock Media
Fantasy_Game_Crafting_Potion.wav,"crafting, profession, spell, enchantment, building, construction, skill, skinning, tailor, mining, mmo, rpg, fantasy",Crafting,Fantasy,Fantasy Game,00:12.399,Epic Stock Media,24,96000,2,"Brian Fairbanks, Epic Stock Media",Fantasy Game Crafting Potion,https://epicstockmedia.com,"Brain Fairbanks, Gregory Mcmanus, Epic Stock Media",All files are Copyright Epic Stock Media - All Rights Reserved © 2021 Epic Stock Media
Fantasy_Game_Crafting_Select_Gem.wav,"crafting, profession, spell, enchantment, building, construction, skill, skinning, tailor, mining, mmo, rpg, fantasy",Crafting,Fantasy,Fantasy Game,00:00.603,Epic Stock Media,24,96000,2,"Brian Fairbanks, Epic Stock Media",Fantasy Game Crafting Select Gem,https://epicstockmedia.com,"Brain Fairbanks, Gregory Mcmanus, Epic Stock Media",All files are Copyright Epic Stock Media - All Rights Reserved © 2021 Epic Stock Media
Fantasy_Game_Crafting_Select_Ore.wav,"crafting, profession, spell, enchantment, building, construction, skill, skinning, tailor, mining, mmo, rpg, fantasy",Crafting,Fantasy,Fantasy Game,00:00.485,Epic Stock Media,24,96000,2,"Brian Fairbanks, Epic Stock Media",Fantasy Game Crafting Select Ore,https://epicstockmedia.com,"Brain Fairbanks, Gregory Mcmanus, Epic Stock Media",All files are Copyright Epic Stock Media - All Rights Reserved © 2021 Epic Stock Media
Fantasy_Game_Crafting_Select_Stone.wav,"crafting, profession, spell, enchantment, building, construction, skill, skinning, tailor, mining, mmo, rpg, fantasy",Crafting,Fantasy,Fantasy Game,00:00.329,Epic Stock Media,24,96000,2,"Brian Fairbanks, Epic Stock Media",Fantasy Game Crafting Select Stone,https://epicstockmedia.com,"Brain Fairbanks, Gregory Mcmanus, Epic Stock Media",All files are Copyright Epic Stock Media - All Rights Reserved © 2021 Epic Stock Media
Fantasy_Game_Crafting_Select_Wood.wav,"crafting, profession, spell, enchantment, building, construction, skill, skinning, tailor, mining, mmo, rpg, fantasy",Crafting,Fantasy,Fantasy Game,00:00.398,Epic Stock Media,24,96000,2,"Brian Fairbanks, Epic Stock Media",Fantasy Game Crafting Select Wood,https://epicstockmedia.com,"Brain Fairbanks, Gregory Mcmanus, Epic Stock Media",All files are Copyright Epic Stock Media - All Rights Reserved © 2021 Epic Stock Media
Fantasy_Game_Crafting_Skinning_A.wav,"crafting, profession, spell, enchantment, building, construction, skill, skinning, tailor, mining, mmo, rpg, fantasy",Crafting,Fantasy,Fantasy Game,00:00.441,Epic Stock Media,24,96000,2,"Brian Fairbanks, Epic Stock Media",Fantasy Game Crafting Skinning,https://epicstockmedia.com,"Brain Fairbanks, Gregory Mcmanus, Epic Stock Media",All files are Copyright Epic Stock Media - All Rights Reserved © 2021 Epic Stock Media
Fantasy_Game_Crafting_Skinning_B.wav,"crafting, profession, spell, enchantment, building, construction, skill, skinning, tailor, mining, mmo, rpg, fantasy",Crafting,Fantasy,Fantasy Game,00:00.406,Epic Stock Media,24,96000,2,"Brian Fairbanks, Epic Stock Media",Fantasy Game Crafting Skinning,https://epicstockmedia.com,"Brain Fairbanks, Gregory Mcmanus, Epic Stock Media",All files are Copyright Epic Stock Media - All Rights Reserved © 2021 Epic Stock Media
Fantasy_Game_Crafting_Skinning_C.wav,"crafting, profession, spell, enchantment, building, construction, skill, skinning, tailor, mining, mmo, rpg, fantasy",Crafting,Fantasy,Fantasy Game,00:00.441,Epic Stock Media,24,96000,2,"Brian Fairbanks, Epic Stock Media",Fantasy Game Crafting Skinning,https://epicstockmedia.com,"Brain Fairbanks, Gregory Mcmanus, Epic Stock Media",All files are Copyright Epic Stock Media - All Rights Reserved © 2021 Epic Stock Media
Fantasy_Game_Crafting_Smelting_A.wav,"crafting, profession, spell, enchantment, building, construction, skill, skinning, tailor, mining, mmo, rpg, fantasy",Crafting,Fantasy,Fantasy Game,00:02.271,Epic Stock Media,24,96000,2,"Brian Fairbanks, Epic Stock Media",Fantasy Game Crafting Smelting,https://epicstockmedia.com,"Brain Fairbanks, Gregory Mcmanus, Epic Stock Media",All files are Copyright Epic Stock Media - All Rights Reserved © 2021 Epic Stock Media
Fantasy_Game_Crafting_Smelting_B.wav,"crafting, profession, spell, enchantment, building, construction, skill, skinning, tailor, mining, mmo, rpg, fantasy",Crafting,Fantasy,Fantasy Game,00:02.417,Epic Stock Media,24,96000,2,"Brian Fairbanks, Epic Stock Media",Fantasy Game Crafting Smelting,https://epicstockmedia.com,"Brain Fairbanks, Gregory Mcmanus, Epic Stock Media",All files are Copyright Epic Stock Media - All Rights Reserved © 2021 Epic Stock Media
Fantasy_Game_Item_Collect_Herbs.wav,"item, collect, pick up, touch, coin, grab, point, star, orb, treasure, gold, inventory, menu, slot, ui, user, interface, fantasy, medieval",Items,Fantasy,Fantasy Game,00:01.178,Epic Stock Media,24,96000,2,"Brian Fairbanks, Epic Stock Media",Fantasy Game Item Collect Herbs,https://epicstockmedia.com,"Brain Fairbanks, Gregory Mcmanus, Epic Stock Media",All files are Copyright Epic Stock Media - All Rights Reserved © 2021 Epic Stock Media
Fantasy_Game_Item_Crafting_Axe_A.wav,"item, collect, pick up, touch, coin, grab, point, star, orb, treasure, gold, inventory, menu, slot, ui, user, interface, fantasy, medieval",Items,Fantasy,Fantasy Game,00:00.654,Epic Stock Media,24,96000,2,"Brian Fairbanks, Epic Stock Media",Fantasy Game Item Crafting Axe,https://epicstockmedia.com,"Brain Fairbanks, Gregory Mcmanus, Epic Stock Media",All files are Copyright Epic Stock Media - All Rights Reserved © 2021 Epic Stock Media
Fantasy_Game_Item_Crafting_Axe_B.wav,"item, collect, pick up, touch, coin, grab, point, star, orb, treasure, gold, inventory, menu, slot, ui, user, interface, fantasy, medieval",Items,Fantasy,Fantasy Game,00:02.342,Epic Stock Media,24,96000,2,"Brian Fairbanks, Epic Stock Media",Fantasy Game Item Crafting Axe,https://epicstockmedia.com,"Brain Fairbanks, Gregory Mcmanus, Epic Stock Media",All files are Copyright Epic Stock Media - All Rights Reserved © 2021 Epic Stock Media
Fantasy_Game_Item_Crafting_Bolts_A.wav,"item, collect, pick up, touch, coin, grab, point, star, orb, treasure, gold, inventory, menu, slot, ui, user, interface, fantasy, medieval",Items,Fantasy,Fantasy Game,00:01.844,Epic Stock Media,24,96000,2,"Brian Fairbanks, Epic Stock Media",Fantasy Game Item Crafting Bolts,https://epicstockmedia.com,"Brain Fairbanks, Gregory Mcmanus, Epic Stock Media",All files are Copyright Epic Stock Media - All Rights Reserved © 2021 Epic Stock Media
Fantasy_Game_Item_Crafting_Bolts_B.wav,"item, collect, pick up, touch, coin, grab, point, star, orb, treasure, gold, inventory, menu, slot, ui, user, interface, fantasy, medieval",Items,Fantasy,Fantasy Game,00:02.263,Epic Stock Media,24,96000,2,"Brian Fairbanks, Epic Stock Media",Fantasy Game Item Crafting Bolts,https://epicstockmedia.com,"Brain Fairbanks, Gregory Mcmanus, Epic Stock Media",All files are Copyright Epic Stock Media - All Rights Reserved © 2021 Epic Stock Media
Fantasy_Game_Item_Crafting_Bow_A.wav,"item, collect, pick up, touch, coin, grab, point, star, orb, treasure, gold, inventory, menu, slot, ui, user, interface, fantasy, medieval",Items,Fantasy,Fantasy Game,00:01.031,Epic Stock Media,24,96000,2,"Brian Fairbanks, Epic Stock Media",Fantasy Game Item Crafting Bow,https://epicstockmedia.com,"Brain Fairbanks, Gregory Mcmanus, Epic Stock Media",All files are Copyright Epic Stock Media - All Rights Reserved © 2021 Epic Stock Media
Fantasy_Game_Item_Crafting_Bow_B.wav,"item, collect, pick up, touch, coin, grab, point, star, orb, treasure, gold, inventory, menu, slot, ui, user, interface, fantasy, medieval",Items,Fantasy,Fantasy Game,00:00.980,Epic Stock Media,24,96000,2,"Brian Fairbanks, Epic Stock Media",Fantasy Game Item Crafting Bow,https://epicstockmedia.com,"Brain Fairbanks, Gregory Mcmanus, Epic Stock Media",All files are Copyright Epic Stock Media - All Rights Reserved © 2021 Epic Stock Media
Fantasy_Game_Item_Crafting_C.wav,"item, collect, pick up, touch, coin, grab, point, star, orb, treasure, gold, inventory, menu, slot, ui, user, interface, fantasy, medieval",Items,Fantasy,Fantasy Game,00:01.973,Epic Stock Media,24,96000,2,"Brian Fairbanks, Epic Stock Media",Fantasy Game Item Crafting,https://epicstockmedia.com,"Brain Fairbanks, Gregory Mcmanus, Epic Stock Media",All files are Copyright Epic Stock Media - All Rights Reserved © 2021 Epic Stock Media
Fantasy_Game_Item_Crafting_Cloth_A.wav,"item, collect, pick up, touch, coin, grab, point, star, orb, treasure, gold, inventory, menu, slot, ui, user, interface, fantasy, medieval",Items,Fantasy,Fantasy Game,00:02.750,Epic Stock Media,24,96000,2,"Brian Fairbanks, Epic Stock Media",Fantasy Game Item Crafting Cloth,https://epicstockmedia.com,"Brain Fairbanks, Gregory Mcmanus, Epic Stock Media",All files are Copyright Epic Stock Media - All Rights Reserved © 2021 Epic Stock Media
Fantasy_Game_Item_Crafting_Cloth_B.wav,"item, collect, pick up, touch, coin, grab, point, star, orb, treasure, gold, inventory, menu, slot, ui, user, interface, fantasy, medieval",Items,Fantasy,Fantasy Game,00:03.030,Epic Stock Media,24,96000,2,"Brian Fairbanks, Epic Stock Media",Fantasy Game Item Crafting Cloth,https://epicstockmedia.com,"Brain Fairbanks, Gregory Mcmanus, Epic Stock Media",All files are Copyright Epic Stock Media - All Rights Reserved © 2021 Epic Stock Media
Fantasy_Game_Item_Crafting_Cloth_C.wav,"item, collect, pick up, touch, coin, grab, point, star, orb, treasure, gold, inventory, menu, slot, ui, user, interface, fantasy, medieval",Items,Fantasy,Fantasy Game,00:02.500,Epic Stock Media,24,96000,2,"Brian Fairbanks, Epic Stock Media",Fantasy Game Item Crafting Cloth,https://epicstockmedia.com,"Brain Fairbanks, Gregory Mcmanus, Epic Stock Media",All files are Copyright Epic Stock Media - All Rights Reserved © 2021 Epic Stock Media
Fantasy_Game_Item_Crafting_Crossbow_A.wav,"item, collect, pick up, touch, coin, grab, point, star, orb, treasure, gold, inventory, menu, slot, ui, user, interface, fantasy, medieval",Items,Fantasy,Fantasy Game,00:00.954,Epic Stock Media,24,96000,2,"Brian Fairbanks, Epic Stock Media",Fantasy Game Item Crafting Crossbow,https://epicstockmedia.com,"Brain Fairbanks, Gregory Mcmanus, Epic Stock Media",All files are Copyright Epic Stock Media - All Rights Reserved © 2021 Epic Stock Media
Fantasy_Game_Item_Crafting_Crossbow_B.wav,"item, collect, pick up, touch, coin, grab, point, star, orb, treasure, gold, inventory, menu, slot, ui, user, interface, fantasy, medieval",Items,Fantasy,Fantasy Game,00:01.061,Epic Stock Media,24,96000,2,"Brian Fairbanks, Epic Stock Media",Fantasy Game Item Crafting Crossbow,https://epicstockmedia.com,"Brain Fairbanks, Gregory Mcmanus, Epic Stock Media",All files are Copyright Epic Stock Media - All Rights Reserved © 2021 Epic Stock Media
Fantasy_Game_Item_Crafting_Crystal_Bow_A.wav,"item, collect, pick up, touch, coin, grab, point, star, orb, treasure, gold, inventory, menu, slot, ui, user, interface, fantasy, medieval",Items,Fantasy,Fantasy Game,00:01.568,Epic Stock Media,24,96000,2,"Brian Fairbanks, Epic Stock Media",Fantasy Game Item Crafting Crystal Bow,https://epicstockmedia.com,"Brain Fairbanks, Gregory Mcmanus, Epic Stock Media",All files are Copyright Epic Stock Media - All Rights Reserved © 2021 Epic Stock Media
Fantasy_Game_Item_Crafting_Crystal_Bow_B.wav,"item, collect, pick up, touch, coin, grab, point, star, orb, treasure, gold, inventory, menu, slot, ui, user, interface, fantasy, medieval",Items,Fantasy,Fantasy Game,00:01.973,Epic Stock Media,24,96000,2,"Brian Fairbanks, Epic Stock Media",Fantasy Game Item Crafting Crystal Bow,https://epicstockmedia.com,"Brain Fairbanks, Gregory Mcmanus, Epic Stock Media",All files are Copyright Epic Stock Media - All Rights Reserved © 2021 Epic Stock Media
Fantasy_Game_Item_Crafting_Leather_Armor_A.wav,"item, collect, pick up, touch, coin, grab, point, star, orb, treasure, gold, inventory, menu, slot, ui, user, interface, fantasy, medieval",Items,Fantasy,Fantasy Game,00:03.783,Epic Stock Media,24,96000,2,"Brian Fairbanks, Epic Stock Media",Fantasy Game Item Crafting Leather Armor,https://epicstockmedia.com,"Brain Fairbanks, Gregory Mcmanus, Epic Stock Media",All files are Copyright Epic Stock Media - All Rights Reserved © 2021 Epic Stock Media
Fantasy_Game_Item_Crafting_Leather_Armor_B.wav,"item, collect, pick up, touch, coin, grab, point, star, orb, treasure, gold, inventory, menu, slot, ui, user, interface, fantasy, medieval",Items,Fantasy,Fantasy Game,00:03.783,Epic Stock Media,24,96000,2,"Brian Fairbanks, Epic Stock Media",Fantasy Game Item Crafting Leather Armor,https://epicstockmedia.com,"Brain Fairbanks, Gregory Mcmanus, Epic Stock Media",All files are Copyright Epic Stock Media - All Rights Reserved © 2021 Epic Stock Media
Fantasy_Game_Item_Crafting_Leather_Armor_C.wav,"item, collect, pick up, touch, coin, grab, point, star, orb, treasure, gold, inventory, menu, slot, ui, user, interface, fantasy, medieval",Items,Fantasy,Fantasy Game,00:03.783,Epic Stock Media,24,96000,2,"Brian Fairbanks, Epic Stock Media",Fantasy Game Item Crafting Leather Armor,https://epicstockmedia.com,"Brain Fairbanks, Gregory Mcmanus, Epic Stock Media",All files are Copyright Epic Stock Media - All Rights Reserved © 2021 Epic Stock Media
Fantasy_Game_Item_Crafting_Magic_Armor.wav,"item, collect, pick up, touch, coin, grab, point, star, orb, treasure, gold, inventory, menu, slot, ui, user, interface, fantasy, medieval",Items,Fantasy,Fantasy Game,00:02.386,Epic Stock Media,24,96000,2,"Brian Fairbanks, Epic Stock Media",Fantasy Game Item Crafting Magic Armor,https://epicstockmedia.com,"Brain Fairbanks, Gregory Mcmanus, Epic Stock Media",All files are Copyright Epic Stock Media - All Rights Reserved © 2021 Epic Stock Media
Fantasy_Game_Item_Crafting_Maul_A.wav,"item, collect, pick up, touch, coin, grab, point, star, orb, treasure, gold, inventory, menu, slot, ui, user, interface, fantasy, medieval",Items,Fantasy,Fantasy Game,00:00.642,Epic Stock Media,24,96000,2,"Brian Fairbanks, Epic Stock Media",Fantasy Game Item Crafting Maul,https://epicstockmedia.com,"Brain Fairbanks, Gregory Mcmanus, Epic Stock Media",All files are Copyright Epic Stock Media - All Rights Reserved © 2021 Epic Stock Media
Fantasy_Game_Item_Crafting_Maul_B.wav,"item, collect, pick up, touch, coin, grab, point, star, orb, treasure, gold, inventory, menu, slot, ui, user, interface, fantasy, medieval",Items,Fantasy,Fantasy Game,00:00.642,Epic Stock Media,24,96000,2,"Brian Fairbanks, Epic Stock Media",Fantasy Game Item Crafting Maul,https://epicstockmedia.com,"Brain Fairbanks, Gregory Mcmanus, Epic Stock Media",All files are Copyright Epic Stock Media - All Rights Reserved © 2021 Epic Stock Media
Fantasy_Game_Item_Crafting_Metal_Armor_A.wav,"item, collect, pick up, touch, coin, grab, point, star, orb, treasure, gold, inventory, menu, slot, ui, user, interface, fantasy, medieval",Items,Fantasy,Fantasy Game,00:01.093,Epic Stock Media,24,96000,2,"Brian Fairbanks, Epic Stock Media",Fantasy Game Item Crafting Metal Armor,https://epicstockmedia.com,"Brain Fairbanks, Gregory Mcmanus, Epic Stock Media",All files are Copyright Epic Stock Media - All Rights Reserved © 2021 Epic Stock Media
Fantasy_Game_Item_Crafting_Metal_Armor_B.wav,"item, collect, pick up, touch, coin, grab, point, star, orb, treasure, gold, inventory, menu, slot, ui, user, interface, fantasy, medieval",Items,Fantasy,Fantasy Game,00:01.093,Epic Stock Media,24,96000,2,"Brian Fairbanks, Epic Stock Media",Fantasy Game Item Crafting Metal Armor,https://epicstockmedia.com,"Brain Fairbanks, Gregory Mcmanus, Epic Stock Media",All files are Copyright Epic Stock Media - All Rights Reserved © 2021 Epic Stock Media
Fantasy_Game_Item_Crafting_Metal_Armor_C.wav,"item, collect, pick up, touch, coin, grab, point, star, orb, treasure, gold, inventory, menu, slot, ui, user, interface, fantasy, medieval",Items,Fantasy,Fantasy Game,00:00.658,Epic Stock Media,24,96000,2,"Brian Fairbanks, Epic Stock Media",Fantasy Game Item Crafting Metal Armor,https://epicstockmedia.com,"Brain Fairbanks, Gregory Mcmanus, Epic Stock Media",All files are Copyright Epic Stock Media - All Rights Reserved © 2021 Epic Stock Media
Fantasy_Game_Item_Crafting_Metal_Shield_A.wav,"item, collect, pick up, touch, coin, grab, point, star, orb, treasure, gold, inventory, menu, slot, ui, user, interface, fantasy, medieval",Items,Fantasy,Fantasy Game,00:01.184,Epic Stock Media,24,96000,2,"Brian Fairbanks, Epic Stock Media",Fantasy Game Item Crafting Metal Shield,https://epicstockmedia.com,"Brain Fairbanks, Gregory Mcmanus, Epic Stock Media",All files are Copyright Epic Stock Media - All Rights Reserved © 2021 Epic Stock Media
Fantasy_Game_Item_Crafting_Metal_Shield_B.wav,"item, collect, pick up, touch, coin, grab, point, star, orb, treasure, gold, inventory, menu, slot, ui, user, interface, fantasy, medieval",Items,Fantasy,Fantasy Game,00:00.968,Epic Stock Media,24,96000,2,"Brian Fairbanks, Epic Stock Media",Fantasy Game Item Crafting Metal Shield,https://epicstockmedia.com,"Brain Fairbanks, Gregory Mcmanus, Epic Stock Media",All files are Copyright Epic Stock Media - All Rights Reserved © 2021 Epic Stock Media
Fantasy_Game_Item_Crafting_Sword_A.wav,"item, collect, pick up, touch, coin, grab, point, star, orb, treasure, gold, inventory, menu, slot, ui, user, interface, fantasy, medieval",Items,Fantasy,Fantasy Game,00:01.009,Epic Stock Media,24,96000,2,"Brian Fairbanks, Epic Stock Media",Fantasy Game Item Crafting Sword,https://epicstockmedia.com,"Brain Fairbanks, Gregory Mcmanus, Epic Stock Media",All files are Copyright Epic Stock Media - All Rights Reserved © 2021 Epic Stock Media
Fantasy_Game_Item_Crafting_Sword_B.wav,"item, collect, pick up, touch, coin, grab, point, star, orb, treasure, gold, inventory, menu, slot, ui, user, interface, fantasy, medieval",Items,Fantasy,Fantasy Game,00:01.009,Epic Stock Media,24,96000,2,"Brian Fairbanks, Epic Stock Media",Fantasy Game Item Crafting Sword,https://epicstockmedia.com,"Brain Fairbanks, Gregory Mcmanus, Epic Stock Media",All files are Copyright Epic Stock Media - All Rights Reserved © 2021 Epic Stock Media
Fantasy_Game_Item_Crafting_Wood_Armor_A.wav,"item, collect, pick up, touch, coin, grab, point, star, orb, treasure, gold, inventory, menu, slot, ui, user, interface, fantasy, medieval",Items,Fantasy,Fantasy Game,00:03.236,Epic Stock Media,24,96000,2,"Brian Fairbanks, Epic Stock Media",Fantasy Game Item Crafting Wood Armor,https://epicstockmedia.com,"Brain Fairbanks, Gregory Mcmanus, Epic Stock Media",All files are Copyright Epic Stock Media - All Rights Reserved © 2021 Epic Stock Media
Fantasy_Game_Item_Crafting_Wood_Armor_B.wav,"item, collect, pick up, touch, coin, grab, point, star, orb, treasure, gold, inventory, menu, slot, ui, user, interface, fantasy, medieval",Items,Fantasy,Fantasy Game,00:03.314,Epic Stock Media,24,96000,2,"Brian Fairbanks, Epic Stock Media",Fantasy Game Item Crafting Wood Armor,https://epicstockmedia.com,"Brain Fairbanks, Gregory Mcmanus, Epic Stock Media",All files are Copyright Epic Stock Media - All Rights Reserved © 2021 Epic Stock Media
Fantasy_Game_Item_Crafting_Wood_Armor_C.wav,"item, collect, pick up, touch, coin, grab, point, star, orb, treasure, gold, inventory, menu, slot, ui, user, interface, fantasy, medieval",Items,Fantasy,Fantasy Game,00:03.236,Epic Stock Media,24,96000,2,"Brian Fairbanks, Epic Stock Media",Fantasy Game Item Crafting Wood Armor,https://epicstockmedia.com,"Brain Fairbanks, Gregory Mcmanus, Epic Stock Media",All files are Copyright Epic Stock Media - All Rights Reserved © 2021 Epic Stock Media
Fantasy_Game_Item_Crafting_Wooden_Shield_A.wav,"item, collect, pick up, touch, coin, grab, point, star, orb, treasure, gold, inventory, menu, slot, ui, user, interface, fantasy, medieval",Items,Fantasy,Fantasy Game,00:01.009,Epic Stock Media,24,96000,2,"Brian Fairbanks, Epic Stock Media",Fantasy Game Item Crafting Wooden Shield,https://epicstockmedia.com,"Brain Fairbanks, Gregory Mcmanus, Epic Stock Media",All files are Copyright Epic Stock Media - All Rights Reserved © 2021 Epic Stock Media
Fantasy_Game_Item_Crafting_Wooden_Shield_B.wav,"item, collect, pick up, touch, coin, grab, point, star, orb, treasure, gold, inventory, menu, slot, ui, user, interface, fantasy, medieval",Items,Fantasy,Fantasy Game,00:00.840,Epic Stock Media,24,96000,2,"Brian Fairbanks, Epic Stock Media",Fantasy Game Item Crafting Wooden Shield,https://epicstockmedia.com,"Brain Fairbanks, Gregory Mcmanus, Epic Stock Media",All files are Copyright Epic Stock Media - All Rights Reserved © 2021 Epic Stock Media
Fantasy_Game_Magic_Action_Rune_A.wav,"magic, spell, cast, conjure, whoosh, sparkle, glitter, designed, fantasy, mmo, witch, wizard, instant, elemental, organic, water, fire, flame, poision",Magic,Fantasy,Fantasy Game,00:02.615,Epic Stock Media,24,96000,2,"Brian Fairbanks, Epic Stock Media",Fantasy Game Action Rune,https://epicstockmedia.com,"Brain Fairbanks, Gregory Mcmanus, Epic Stock Media",All files are Copyright Epic Stock Media - All Rights Reserved © 2021 Epic Stock Media
Fantasy_Game_Magic_Action_Rune_B.wav,"magic, spell, cast, conjure, whoosh, sparkle, glitter, designed, fantasy, mmo, witch, wizard, instant, elemental, organic, water, fire, flame, poision",Magic,Fantasy,Fantasy Game,00:03.217,Epic Stock Media,24,96000,2,"Brian Fairbanks, Epic Stock Media",Fantasy Game Action Rune,https://epicstockmedia.com,"Brain Fairbanks, Gregory Mcmanus, Epic Stock Media",All files are Copyright Epic Stock Media - All Rights Reserved © 2021 Epic Stock Media
Fantasy_Game_Magic_Airy_Sting.wav,"magic, spell, cast, conjure, whoosh, sparkle, glitter, designed, fantasy, mmo, witch, wizard, instant, elemental, organic, water, fire, flame, poision",Magic,Fantasy,Fantasy Game,00:05.500,Epic Stock Media,24,96000,2,"Brian Fairbanks, Epic Stock Media",Fantasy Game Magic Airy Sting,https://epicstockmedia.com,"Brain Fairbanks, Gregory Mcmanus, Epic Stock Media",All files are Copyright Epic Stock Media - All Rights Reserved © 2021 Epic Stock Media
Fantasy_Game_Magic_Airy_Sting_2.wav,"magic, spell, cast, conjure, whoosh, sparkle, glitter, designed, fantasy, mmo, witch, wizard, instant, elemental, organic, water, fire, flame, poision",Magic,Fantasy,Fantasy Game,00:04.500,Epic Stock Media,24,96000,2,"Brian Fairbanks, Epic Stock Media",Fantasy Game Magic Airy Sting 2,https://epicstockmedia.com,"Brain Fairbanks, Gregory Mcmanus, Epic Stock Media",All files are Copyright Epic Stock Media - All Rights Reserved © 2021 Epic Stock Media
Fantasy_Game_Magic_Airy_Sting_3.wav,"magic, spell, cast, conjure, whoosh, sparkle, glitter, designed, fantasy, mmo, witch, wizard, instant, elemental, organic, water, fire, flame, poision",Magic,Fantasy,Fantasy Game,00:04.000,Epic Stock Media,24,96000,2,"Brian Fairbanks, Epic Stock Media",Fantasy Game Magic Airy Sting 3,https://epicstockmedia.com,"Brain Fairbanks, Gregory Mcmanus, Epic Stock Media",All files are Copyright Epic Stock Media - All Rights Reserved © 2021 Epic Stock Media
Fantasy_Game_Magic_Ancient_Metallic_Sting.wav,"magic, spell, cast, conjure, whoosh, sparkle, glitter, designed, fantasy, mmo, witch, wizard, instant, elemental, organic, water, fire, flame, poision",Magic,Fantasy,Fantasy Game,00:01.887,Epic Stock Media,24,96000,2,"Brian Fairbanks, Epic Stock Media",Fantasy Game Magic Ancient Metallic Sting,https://epicstockmedia.com,"Brain Fairbanks, Gregory Mcmanus, Epic Stock Media",All files are Copyright Epic Stock Media - All Rights Reserved © 2021 Epic Stock Media
Fantasy_Game_Magic_Arcane_Long_Cast_Spell_A.wav,"magic, spell, cast, conjure, whoosh, sparkle, glitter, designed, fantasy, mmo, witch, wizard, instant, elemental, organic, water, fire, flame, poision",Magic,Fantasy,Fantasy Game,00:04.526,Epic Stock Media,24,96000,2,"Brian Fairbanks, Epic Stock Media",Fantasy Game Magic Arcane Long Cast Spell,https://epicstockmedia.com,"Brain Fairbanks, Gregory Mcmanus, Epic Stock Media",All files are Copyright Epic Stock Media - All Rights Reserved © 2021 Epic Stock Media
Fantasy_Game_Magic_Arcane_Long_Cast_Spell_B.wav,"magic, spell, cast, conjure, whoosh, sparkle, glitter, designed, fantasy, mmo, witch, wizard, instant, elemental, organic, water, fire, flame, poision",Magic,Fantasy,Fantasy Game,00:04.526,Epic Stock Media,24,96000,2,"Brian Fairbanks, Epic Stock Media",Fantasy Game Magic Arcane Long Cast Spell,https://epicstockmedia.com,"Brain Fairbanks, Gregory Mcmanus, Epic Stock Media",All files are Copyright Epic Stock Media - All Rights Reserved © 2021 Epic Stock Media
Fantasy_Game_Magic_Arcane_Missile_1.wav,"magic, spell, cast, conjure, whoosh, sparkle, glitter, designed, fantasy, mmo, witch, wizard, instant, elemental, organic, water, fire, flame, poision",Magic,Fantasy,Fantasy Game,00:02.250,Epic Stock Media,24,96000,2,"Brian Fairbanks, Epic Stock Media",Fantasy Game Arcane Missile 1,https://epicstockmedia.com,"Brain Fairbanks, Gregory Mcmanus, Epic Stock Media",All files are Copyright Epic Stock Media - All Rights Reserved © 2021 Epic Stock Media
Fantasy_Game_Magic_Arcane_Missile_1_Dry.wav,"magic, spell, cast, conjure, whoosh, sparkle, glitter, designed, fantasy, mmo, witch, wizard, instant, elemental, organic, water, fire, flame, poision",Magic,Fantasy,Fantasy Game,00:00.750,Epic Stock Media,24,96000,2,"Brian Fairbanks, Epic Stock Media",Fantasy Game Arcane Missile 1 Dry,https://epicstockmedia.com,"Brain Fairbanks, Gregory Mcmanus, Epic Stock Media",All files are Copyright Epic Stock Media - All Rights Reserved © 2021 Epic Stock Media
Fantasy_Game_Magic_Arcane_Missile_2.wav,"magic, spell, cast, conjure, whoosh, sparkle, glitter, designed, fantasy, mmo, witch, wizard, instant, elemental, organic, water, fire, flame, poision",Magic,Fantasy,Fantasy Game,00:02.250,Epic Stock Media,24,96000,2,"Brian Fairbanks, Epic Stock Media",Fantasy Game Arcane Missile 2,https://epicstockmedia.com,"Brain Fairbanks, Gregory Mcmanus, Epic Stock Media",All files are Copyright Epic Stock Media - All Rights Reserved © 2021 Epic Stock Media
Fantasy_Game_Magic_Arcane_Missile_2_Dry.wav,"magic, spell, cast, conjure, whoosh, sparkle, glitter, designed, fantasy, mmo, witch, wizard, instant, elemental, organic, water, fire, flame, poision",Magic,Fantasy,Fantasy Game,00:01.500,Epic Stock Media,24,96000,2,"Brian Fairbanks, Epic Stock Media",Fantasy Game Arcane Missile 2 Dry,https://epicstockmedia.com,"Brain Fairbanks, Gregory Mcmanus, Epic Stock Media",All files are Copyright Epic Stock Media - All Rights Reserved © 2021 Epic Stock Media
Fantasy_Game_Magic_Arcane_Missile_3.wav,"magic, spell, cast, conjure, whoosh, sparkle, glitter, designed, fantasy, mmo, witch, wizard, instant, elemental, organic, water, fire, flame, poision",Magic,Fantasy,Fantasy Game,00:02.750,Epic Stock Media,24,96000,2,"Brian Fairbanks, Epic Stock Media",Fantasy Game Arcane Missile 3,https://epicstockmedia.com,"Brain Fairbanks, Gregory Mcmanus, Epic Stock Media",All files are Copyright Epic Stock Media - All Rights Reserved © 2021 Epic Stock Media
Fantasy_Game_Magic_Arcane_Missile_3_Dry.wav,"magic, spell, cast, conjure, whoosh, sparkle, glitter, designed, fantasy, mmo, witch, wizard, instant, elemental, organic, water, fire, flame, poision",Magic,Fantasy,Fantasy Game,00:01.500,Epic Stock Media,24,96000,2,"Brian Fairbanks, Epic Stock Media",Fantasy Game Arcane Missile 3 Dry,https://epicstockmedia.com,"Brain Fairbanks, Gregory Mcmanus, Epic Stock Media",All files are Copyright Epic Stock Media - All Rights Reserved © 2021 Epic Stock Media
Fantasy_Game_Magic_Arcane_Spell_A.wav,"magic, spell, cast, conjure, whoosh, sparkle, glitter, designed, fantasy, mmo, witch, wizard, instant, elemental, organic, water, fire, flame, poision",Magic,Fantasy,Fantasy Game,00:03.250,Epic Stock Media,24,96000,2,"Brian Fairbanks, Epic Stock Media",Fantasy Game Magic Arcane Spell,https://epicstockmedia.com,"Brain Fairbanks, Gregory Mcmanus, Epic Stock Media",All files are Copyright Epic Stock Media - All Rights Reserved © 2021 Epic Stock Media
Fantasy_Game_Magic_Arcane_Spell_B.wav,"magic, spell, cast, conjure, whoosh, sparkle, glitter, designed, fantasy, mmo, witch, wizard, instant, elemental, organic, water, fire, flame, poision",Magic,Fantasy,Fantasy Game,00:03.295,Epic Stock Media,24,96000,2,"Brian Fairbanks, Epic Stock Media",Fantasy Game Magic Arcane Spell,https://epicstockmedia.com,"Brain Fairbanks, Gregory Mcmanus, Epic Stock Media",All files are Copyright Epic Stock Media - All Rights Reserved © 2021 Epic Stock Media
Fantasy_Game_Magic_Dark_Conjure_1.wav,"magic, spell, cast, conjure, whoosh, sparkle, glitter, designed, fantasy, mmo, witch, wizard, instant, elemental, organic, water, fire, flame, poision",Magic,Fantasy,Fantasy Game,00:09.250,Epic Stock Media,24,96000,2,"Brian Fairbanks, Epic Stock Media",Fantasy Game Dark Conjure 1,https://epicstockmedia.com,"Brain Fairbanks, Gregory Mcmanus, Epic Stock Media",All files are Copyright Epic Stock Media - All Rights Reserved © 2021 Epic Stock Media
Fantasy_Game_Magic_Dark_Conjure_2.wav,"magic, spell, cast, conjure, whoosh, sparkle, glitter, designed, fantasy, mmo, witch, wizard, instant, elemental, organic, water, fire, flame, poision",Magic,Fantasy,Fantasy Game,00:05.250,Epic Stock Media,24,96000,2,"Brian Fairbanks, Epic Stock Media",Fantasy Game Dark Conjure 2,https://epicstockmedia.com,"Brain Fairbanks, Gregory Mcmanus, Epic Stock Media",All files are Copyright Epic Stock Media - All Rights Reserved © 2021 Epic Stock Media
Fantasy_Game_Magic_Dark_Conjure_3.wav,"magic, spell, cast, conjure, whoosh, sparkle, glitter, designed, fantasy, mmo, witch, wizard, instant, elemental, organic, water, fire, flame, poision",Magic,Fantasy,Fantasy Game,00:07.500,Epic Stock Media,24,96000,2,"Brian Fairbanks, Epic Stock Media",Fantasy Game Dark Conjure 3,https://epicstockmedia.com,"Brain Fairbanks, Gregory Mcmanus, Epic Stock Media",All files are Copyright Epic Stock Media - All Rights Reserved © 2021 Epic Stock Media
Fantasy_Game_Magic_Dark_Transition_2_Lightning.wav,"magic, spell, cast, conjure, whoosh, sparkle, glitter, designed, fantasy, mmo, witch, wizard, instant, elemental, organic, water, fire, flame, poision",Magic,Fantasy,Fantasy Game,00:03.500,Epic Stock Media,24,96000,2,"Brian Fairbanks, Epic Stock Media",Fantasy Game Dark Transition 2 Lightning,https://epicstockmedia.com,"Brain Fairbanks, Gregory Mcmanus, Epic Stock Media",All files are Copyright Epic Stock Media - All Rights Reserved © 2021 Epic Stock Media
Fantasy_Game_Magic_Dark_Transition_3_Airy.wav,"magic, spell, cast, conjure, whoosh, sparkle, glitter, designed, fantasy, mmo, witch, wizard, instant, elemental, organic, water, fire, flame, poision",Magic,Fantasy,Fantasy Game,00:04.500,Epic Stock Media,24,96000,2,"Brian Fairbanks, Epic Stock Media",Fantasy Game Dark Transition 3 Airy,https://epicstockmedia.com,"Brain Fairbanks, Gregory Mcmanus, Epic Stock Media",All files are Copyright Epic Stock Media - All Rights Reserved © 2021 Epic Stock Media
Fantasy_Game_Magic_Debuff_Spell_A.wav,"magic, spell, cast, conjure, whoosh, sparkle, glitter, designed, fantasy, mmo, witch, wizard, instant, elemental, organic, water, fire, flame, poision",Magic,Fantasy,Fantasy Game,00:01.570,Epic Stock Media,24,96000,2,"Brian Fairbanks, Epic Stock Media",Fantasy Game Magic Debuff Spell,https://epicstockmedia.com,"Brain Fairbanks, Gregory Mcmanus, Epic Stock Media",All files are Copyright Epic Stock Media - All Rights Reserved © 2021 Epic Stock Media
Fantasy_Game_Magic_Debuff_Spell_B.wav,"magic, spell, cast, conjure, whoosh, sparkle, glitter, designed, fantasy, mmo, witch, wizard, instant, elemental, organic, water, fire, flame, poision",Magic,Fantasy,Fantasy Game,00:02.249,Epic Stock Media,24,96000,2,"Brian Fairbanks, Epic Stock Media",Fantasy Game Magic Debuff Spell,https://epicstockmedia.com,"Brain Fairbanks, Gregory Mcmanus, Epic Stock Media",All files are Copyright Epic Stock Media - All Rights Reserved © 2021 Epic Stock Media
Fantasy_Game_Magic_Debuff_Spell_C.wav,"magic, spell, cast, conjure, whoosh, sparkle, glitter, designed, fantasy, mmo, witch, wizard, instant, elemental, organic, water, fire, flame, poision",Magic,Fantasy,Fantasy Game,00:04.118,Epic Stock Media,24,96000,2,"Brian Fairbanks, Epic Stock Media",Fantasy Game Magic Debuff Spell,https://epicstockmedia.com,"Brain Fairbanks, Gregory Mcmanus, Epic Stock Media",All files are Copyright Epic Stock Media - All Rights Reserved © 2021 Epic Stock Media
Fantasy_Game_Magic_Debuff_Spell_D.wav,"magic, spell, cast, conjure, whoosh, sparkle, glitter, designed, fantasy, mmo, witch, wizard, instant, elemental, organic, water, fire, flame, poision",Magic,Fantasy,Fantasy Game,00:04.263,Epic Stock Media,24,96000,2,"Brian Fairbanks, Epic Stock Media",Fantasy Game Magic Debuff Spell,https://epicstockmedia.com,"Brain Fairbanks, Gregory Mcmanus, Epic Stock Media",All files are Copyright Epic Stock Media - All Rights Reserved © 2021 Epic Stock Media
Fantasy_Game_Magic_Earth_Instant_Cast_Spell_A.wav,"magic, spell, cast, conjure, whoosh, sparkle, glitter, designed, fantasy, mmo, witch, wizard, instant, elemental, organic, water, fire, flame, poision",Magic,Fantasy,Fantasy Game,00:01.358,Epic Stock Media,24,96000,2,"Brian Fairbanks, Epic Stock Media",Fantasy Game Magic Earth Instant Cast Spell,https://epicstockmedia.com,"Brain Fairbanks, Gregory Mcmanus, Epic Stock Media",All files are Copyright Epic Stock Media - All Rights Reserved © 2021 Epic Stock Media
Fantasy_Game_Magic_Earth_Instant_Cast_Spell_B.wav,"magic, spell, cast, conjure, whoosh, sparkle, glitter, designed, fantasy, mmo, witch, wizard, instant, elemental, organic, water, fire, flame, poision",Magic,Fantasy,Fantasy Game,00:01.505,Epic Stock Media,24,96000,2,"Brian Fairbanks, Epic Stock Media",Fantasy Game Magic Earth Instant Cast Spell,https://epicstockmedia.com,"Brain Fairbanks, Gregory Mcmanus, Epic Stock Media",All files are Copyright Epic Stock Media - All Rights Reserved © 2021 Epic Stock Media
Fantasy_Game_Magic_Earth_Instant_Cast_Spell_C.wav,"magic, spell, cast, conjure, whoosh, sparkle, glitter, designed, fantasy, mmo, witch, wizard, instant, elemental, organic, water, fire, flame, poision",Magic,Fantasy,Fantasy Game,00:01.325,Epic Stock Media,24,96000,2,"Brian Fairbanks, Epic Stock Media",Fantasy Game Magic Earth Instant Cast Spell,https://epicstockmedia.com,"Brain Fairbanks, Gregory Mcmanus, Epic Stock Media",All files are Copyright Epic Stock Media - All Rights Reserved © 2021 Epic Stock Media
Fantasy_Game_Magic_Earth_Long_Cast_Spell_A.wav,"magic, spell, cast, conjure, whoosh, sparkle, glitter, designed, fantasy, mmo, witch, wizard, instant, elemental, organic, water, fire, flame, poision",Magic,Fantasy,Fantasy Game,00:06.608,Epic Stock Media,24,96000,2,"Brian Fairbanks, Epic Stock Media",Fantasy Game Magic Earth Long Cast Spell,https://epicstockmedia.com,"Brain Fairbanks, Gregory Mcmanus, Epic Stock Media",All files are Copyright Epic Stock Media - All Rights Reserved © 2021 Epic Stock Media
Fantasy_Game_Magic_Earth_Long_Cast_Spell_B.wav,"magic, spell, cast, conjure, whoosh, sparkle, glitter, designed, fantasy, mmo, witch, wizard, instant, elemental, organic, water, fire, flame, poision",Magic,Fantasy,Fantasy Game,00:05.479,Epic Stock Media,24,96000,2,"Brian Fairbanks, Epic Stock Media",Fantasy Game Magic Earth Long Cast Spell,https://epicstockmedia.com,"Brain Fairbanks, Gregory Mcmanus, Epic Stock Media",All files are Copyright Epic Stock Media - All Rights Reserved © 2021 Epic Stock Media
Fantasy_Game_Magic_Earth_Spell_A.wav,"magic, spell, cast, conjure, whoosh, sparkle, glitter, designed, fantasy, mmo, witch, wizard, instant, elemental, organic, water, fire, flame, poision",Magic,Fantasy,Fantasy Game,00:05.250,Epic Stock Media,24,96000,2,"Brian Fairbanks, Epic Stock Media",Fantasy Game Magic Earth Spell,https://epicstockmedia.com,"Brain Fairbanks, Gregory Mcmanus, Epic Stock Media",All files are Copyright Epic Stock Media - All Rights Reserved © 2021 Epic Stock Media
Fantasy_Game_Magic_Earth_Spell_B.wav,"magic, spell, cast, conjure, whoosh, sparkle, glitter, designed, fantasy, mmo, witch, wizard, instant, elemental, organic, water, fire, flame, poision",Magic,Fantasy,Fantasy Game,00:05.250,Epic Stock Media,24,96000,2,"Brian Fairbanks, Epic Stock Media",Fantasy Game Magic Earth Spell,https://epicstockmedia.com,"Brain Fairbanks, Gregory Mcmanus, Epic Stock Media",All files are Copyright Epic Stock Media - All Rights Reserved © 2021 Epic Stock Media
Fantasy_Game_Magic_Essence_A.wav,"magic, spell, cast, conjure, whoosh, sparkle, glitter, designed, fantasy, mmo, witch, wizard, instant, elemental, organic, water, fire, flame, poision",Magic,Fantasy,Fantasy Game,00:04.504,Epic Stock Media,24,96000,2,"Brian Fairbanks, Epic Stock Media",Fantasy Game Magic Essence,https://epicstockmedia.com,"Brain Fairbanks, Gregory Mcmanus, Epic Stock Media",All files are Copyright Epic Stock Media - All Rights Reserved © 2021 Epic Stock Media
Fantasy_Game_Magic_Essence_B.wav,"magic, spell, cast, conjure, whoosh, sparkle, glitter, designed, fantasy, mmo, witch, wizard, instant, elemental, organic, water, fire, flame, poision",Magic,Fantasy,Fantasy Game,00:03.785,Epic Stock Media,24,96000,2,"Brian Fairbanks, Epic Stock Media",Fantasy Game Magic Essence,https://epicstockmedia.com,"Brain Fairbanks, Gregory Mcmanus, Epic Stock Media",All files are Copyright Epic Stock Media - All Rights Reserved © 2021 Epic Stock Media
Fantasy_Game_Magic_Essence_C.wav,"magic, spell, cast, conjure, whoosh, sparkle, glitter, designed, fantasy, mmo, witch, wizard, instant, elemental, organic, water, fire, flame, poision",Magic,Fantasy,Fantasy Game,00:03.639,Epic Stock Media,24,96000,2,"Brian Fairbanks, Epic Stock Media",Fantasy Game Magic Essence,https://epicstockmedia.com,"Brain Fairbanks, Gregory Mcmanus, Epic Stock Media",All files are Copyright Epic Stock Media - All Rights Reserved © 2021 Epic Stock Media
Fantasy_Game_Magic_Essence_D.wav,"magic, spell, cast, conjure, whoosh, sparkle, glitter, designed, fantasy, mmo, witch, wizard, instant, elemental, organic, water, fire, flame, poision",Magic,Fantasy,Fantasy Game,00:03.639,Epic Stock Media,24,96000,2,"Brian Fairbanks, Epic Stock Media",Fantasy Game Magic Essence,https://epicstockmedia.com,"Brain Fairbanks, Gregory Mcmanus, Epic Stock Media",All files are Copyright Epic Stock Media - All Rights Reserved © 2021 Epic Stock Media
Fantasy_Game_Magic_Fairy_Dust_A.wav,"magic, spell, cast, conjure, whoosh, sparkle, glitter, designed, fantasy, mmo, witch, wizard, instant, elemental, organic, water, fire, flame, poision",Magic,Fantasy,Fantasy Game,00:03.339,Epic Stock Media,24,96000,2,"Brian Fairbanks, Epic Stock Media",Fantasy Game Fairy Dust,https://epicstockmedia.com,"Brain Fairbanks, Gregory Mcmanus, Epic Stock Media",All files are Copyright Epic Stock Media - All Rights Reserved © 2021 Epic Stock Media
Fantasy_Game_Magic_Fairy_Dust_B.wav,"magic, spell, cast, conjure, whoosh, sparkle, glitter, designed, fantasy, mmo, witch, wizard, instant, elemental, organic, water, fire, flame, poision",Magic,Fantasy,Fantasy Game,00:03.339,Epic Stock Media,24,96000,2,"Brian Fairbanks, Epic Stock Media",Fantasy Game Fairy Dust,https://epicstockmedia.com,"Brain Fairbanks, Gregory Mcmanus, Epic Stock Media",All files are Copyright Epic Stock Media - All Rights Reserved © 2021 Epic Stock Media
Fantasy_Game_Magic_Fairy_Dust_C.wav,"magic, spell, cast, conjure, whoosh, sparkle, glitter, designed, fantasy, mmo, witch, wizard, instant, elemental, organic, water, fire, flame, poision",Magic,Fantasy,Fantasy Game,00:03.339,Epic Stock Media,24,96000,2,"Brian Fairbanks, Epic Stock Media",Fantasy Game Fairy Dust,https://epicstockmedia.com,"Brain Fairbanks, Gregory Mcmanus, Epic Stock Media",All files are Copyright Epic Stock Media - All Rights Reserved © 2021 Epic Stock Media
Fantasy_Game_Magic_Felflame_1.wav,"magic, spell, cast, conjure, whoosh, sparkle, glitter, designed, fantasy, mmo, witch, wizard, instant, elemental, organic, water, fire, flame, poision",Magic,Fantasy,Fantasy Game,00:02.211,Epic Stock Media,24,96000,2,"Brian Fairbanks, Epic Stock Media",Fantasy Game Felflame 1,https://epicstockmedia.com,"Brain Fairbanks, Gregory Mcmanus, Epic Stock Media",All files are Copyright Epic Stock Media - All Rights Reserved © 2021 Epic Stock Media
Fantasy_Game_Magic_Felflame_2.wav,"magic, spell, cast, conjure, whoosh, sparkle, glitter, designed, fantasy, mmo, witch, wizard, instant, elemental, organic, water, fire, flame, poision",Magic,Fantasy,Fantasy Game,00:02.250,Epic Stock Media,24,96000,2,"Brian Fairbanks, Epic Stock Media",Fantasy Game Felflame 2,https://epicstockmedia.com,"Brain Fairbanks, Gregory Mcmanus, Epic Stock Media",All files are Copyright Epic Stock Media - All Rights Reserved © 2021 Epic Stock Media
Fantasy_Game_Magic_Felflame_3.wav,"magic, spell, cast, conjure, whoosh, sparkle, glitter, designed, fantasy, mmo, witch, wizard, instant, elemental, organic, water, fire, flame, poision",Magic,Fantasy,Fantasy Game,00:02.494,Epic Stock Media,24,96000,2,"Brian Fairbanks, Epic Stock Media",Fantasy Game Felflame 3,https://epicstockmedia.com,"Brain Fairbanks, Gregory Mcmanus, Epic Stock Media",All files are Copyright Epic Stock Media - All Rights Reserved © 2021 Epic Stock Media
Fantasy_Game_Magic_Felflame_4.wav,"magic, spell, cast, conjure, whoosh, sparkle, glitter, designed, fantasy, mmo, witch, wizard, instant, elemental, organic, water, fire, flame, poision",Magic,Fantasy,Fantasy Game,00:02.494,Epic Stock Media,24,96000,2,"Brian Fairbanks, Epic Stock Media",Fantasy Game Felflame 4,https://epicstockmedia.com,"Brain Fairbanks, Gregory Mcmanus, Epic Stock Media",All files are Copyright Epic Stock Media - All Rights Reserved © 2021 Epic Stock Media
Fantasy_Game_Magic_Fire_Instant_Cast_Spell_A.wav,"magic, spell, cast, conjure, whoosh, sparkle, glitter, designed, fantasy, mmo, witch, wizard, instant, elemental, organic, water, fire, flame, poision",Magic,Fantasy,Fantasy Game,00:02.264,Epic Stock Media,24,96000,2,"Brian Fairbanks, Epic Stock Media",Fantasy Game Magic Fire Instant Cast Spell,https://epicstockmedia.com,"Brain Fairbanks, Gregory Mcmanus, Epic Stock Media",All files are Copyright Epic Stock Media - All Rights Reserved © 2021 Epic Stock Media
Fantasy_Game_Magic_Fire_Instant_Cast_Spell_B.wav,"magic, spell, cast, conjure, whoosh, sparkle, glitter, designed, fantasy, mmo, witch, wizard, instant, elemental, organic, water, fire, flame, poision",Magic,Fantasy,Fantasy Game,00:01.963,Epic Stock Media,24,96000,2,"Brian Fairbanks, Epic Stock Media",Fantasy Game Magic Fire Instant Cast Spell,https://epicstockmedia.com,"Brain Fairbanks, Gregory Mcmanus, Epic Stock Media",All files are Copyright Epic Stock Media - All Rights Reserved © 2021 Epic Stock Media
Fantasy_Game_Magic_Fire_Instant_Cast_Spell_C.wav,"magic, spell, cast, conjure, whoosh, sparkle, glitter, designed, fantasy, mmo, witch, wizard, instant, elemental, organic, water, fire, flame, poision",Magic,Fantasy,Fantasy Game,00:01.947,Epic Stock Media,24,96000,2,"Brian Fairbanks, Epic Stock Media",Fantasy Game Magic Fire Instant Cast Spell,https://epicstockmedia.com,"Brain Fairbanks, Gregory Mcmanus, Epic Stock Media",All files are Copyright Epic Stock Media - All Rights Reserved © 2021 Epic Stock Media
Fantasy_Game_Magic_Fire_Instant_Cast_Spell_D.wav,"magic, spell, cast, conjure, whoosh, sparkle, glitter, designed, fantasy, mmo, witch, wizard, instant, elemental, organic, water, fire, flame, poision",Magic,Fantasy,Fantasy Game,00:02.083,Epic Stock Media,24,96000,2,"Brian Fairbanks, Epic Stock Media",Fantasy Game Magic Fire Instant Cast Spell,https://epicstockmedia.com,"Brain Fairbanks, Gregory Mcmanus, Epic Stock Media",All files are Copyright Epic Stock Media - All Rights Reserved © 2021 Epic Stock Media
Fantasy_Game_Magic_Fire_Instant_Cast_Spell_E.wav,"magic, spell, cast, conjure, whoosh, sparkle, glitter, designed, fantasy, mmo, witch, wizard, instant, elemental, organic, water, fire, flame, poision",Magic,Fantasy,Fantasy Game,00:02.264,Epic Stock Media,24,96000,2,"Brian Fairbanks, Epic Stock Media",Fantasy Game Magic Fire Instant Cast Spell,https://epicstockmedia.com,"Brain Fairbanks, Gregory Mcmanus, Epic Stock Media",All files are Copyright Epic Stock Media - All Rights Reserved © 2021 Epic Stock Media
Fantasy_Game_Magic_Fire_Long_Cast_Spell_A.wav,"magic, spell, cast, conjure, whoosh, sparkle, glitter, designed, fantasy, mmo, witch, wizard, instant, elemental, organic, water, fire, flame, poision",Magic,Fantasy,Fantasy Game,00:09.251,Epic Stock Media,24,96000,2,"Brian Fairbanks, Epic Stock Media",Fantasy Game Magic Fire Long Cast Spell,https://epicstockmedia.com,"Brain Fairbanks, Gregory Mcmanus, Epic Stock Media",All files are Copyright Epic Stock Media - All Rights Reserved © 2021 Epic Stock Media
Fantasy_Game_Magic_Fire_Long_Cast_Spell_B.wav,"magic, spell, cast, conjure, whoosh, sparkle, glitter, designed, fantasy, mmo, witch, wizard, instant, elemental, organic, water, fire, flame, poision",Magic,Fantasy,Fantasy Game,00:09.641,Epic Stock Media,24,96000,2,"Brian Fairbanks, Epic Stock Media",Fantasy Game Magic Fire Long Cast Spell,https://epicstockmedia.com,"Brain Fairbanks, Gregory Mcmanus, Epic Stock Media",All files are Copyright Epic Stock Media - All Rights Reserved © 2021 Epic Stock Media
Fantasy_Game_Magic_Fire_Long_Spell_A.wav,"magic, spell, cast, conjure, whoosh, sparkle, glitter, designed, fantasy, mmo, witch, wizard, instant, elemental, organic, water, fire, flame, poision",Magic,Fantasy,Fantasy Game,00:05.874,Epic Stock Media,24,96000,2,"Brian Fairbanks, Epic Stock Media",Fantasy Game Magic Fire Long Spell,https://epicstockmedia.com,"Brain Fairbanks, Gregory Mcmanus, Epic Stock Media",All files are Copyright Epic Stock Media - All Rights Reserved © 2021 Epic Stock Media
Fantasy_Game_Magic_Fire_Long_Spell_B.wav,"magic, spell, cast, conjure, whoosh, sparkle, glitter, designed, fantasy, mmo, witch, wizard, instant, elemental, organic, water, fire, flame, poision",Magic,Fantasy,Fantasy Game,00:05.989,Epic Stock Media,24,96000,2,"Brian Fairbanks, Epic Stock Media",Fantasy Game Magic Fire Long Spell,https://epicstockmedia.com,"Brain Fairbanks, Gregory Mcmanus, Epic Stock Media",All files are Copyright Epic Stock Media - All Rights Reserved © 2021 Epic Stock Media
Fantasy_Game_Magic_Fire_Spell_A.wav,"magic, spell, cast, conjure, whoosh, sparkle, glitter, designed, fantasy, mmo, witch, wizard, instant, elemental, organic, water, fire, flame, poision",Magic,Fantasy,Fantasy Game,00:04.817,Epic Stock Media,24,96000,2,"Brian Fairbanks, Epic Stock Media",Fantasy Game Magic Fire Spell,https://epicstockmedia.com,"Brain Fairbanks, Gregory Mcmanus, Epic Stock Media",All files are Copyright Epic Stock Media - All Rights Reserved © 2021 Epic Stock Media
Fantasy_Game_Magic_Fire_Spell_B.wav,"magic, spell, cast, conjure, whoosh, sparkle, glitter, designed, fantasy, mmo, witch, wizard, instant, elemental, organic, water, fire, flame, poision",Magic,Fantasy,Fantasy Game,00:04.789,Epic Stock Media,24,96000,2,"Brian Fairbanks, Epic Stock Media",Fantasy Game Magic Fire Spell,https://epicstockmedia.com,"Brain Fairbanks, Gregory Mcmanus, Epic Stock Media",All files are Copyright Epic Stock Media - All Rights Reserved © 2021 Epic Stock Media
Fantasy_Game_Magic_Fuse_Fizzle_Gas.wav,"magic, spell, cast, conjure, whoosh, sparkle, glitter, designed, fantasy, mmo, witch, wizard, instant, elemental, organic, water, fire, flame, poision",Magic,Fantasy,Fantasy Game,00:01.250,Epic Stock Media,24,96000,2,"Brian Fairbanks, Epic Stock Media",Fantasy Game Magic Fuse Fizzle Gas,https://epicstockmedia.com,"Brain Fairbanks, Gregory Mcmanus, Epic Stock Media",All files are Copyright Epic Stock Media - All Rights Reserved © 2021 Epic Stock Media
Fantasy_Game_Magic_Holy_Spell_Cast_A.wav,"magic, spell, cast, conjure, whoosh, sparkle, glitter, designed, fantasy, mmo, witch, wizard, instant, elemental, organic, water, fire, flame, poision",Magic,Fantasy,Fantasy Game,00:05.500,Epic Stock Media,24,96000,2,"Brian Fairbanks, Epic Stock Media",Fantasy Game Magic Holy Spell Cast,https://epicstockmedia.com,"Brain Fairbanks, Gregory Mcmanus, Epic Stock Media",All files are Copyright Epic Stock Media - All Rights Reserved © 2021 Epic Stock Media
Fantasy_Game_Magic_Holy_Spell_Cast_B.wav,"magic, spell, cast, conjure, whoosh, sparkle, glitter, designed, fantasy, mmo, witch, wizard, instant, elemental, organic, water, fire, flame, poision",Magic,Fantasy,Fantasy Game,00:05.500,Epic Stock Media,24,96000,2,"Brian Fairbanks, Epic Stock Media",Fantasy Game Magic Holy Spell Cast,https://epicstockmedia.com,"Brain Fairbanks, Gregory Mcmanus, Epic Stock Media",All files are Copyright Epic Stock Media - All Rights Reserved © 2021 Epic Stock Media
Fantasy_Game_Magic_Holy_Spell_Cast_C.wav,"magic, spell, cast, conjure, whoosh, sparkle, glitter, designed, fantasy, mmo, witch, wizard, instant, elemental, organic, water, fire, flame, poision",Magic,Fantasy,Fantasy Game,00:05.500,Epic Stock Media,24,96000,2,"Brian Fairbanks, Epic Stock Media",Fantasy Game Magic Holy Spell Cast,https://epicstockmedia.com,"Brain Fairbanks, Gregory Mcmanus, Epic Stock Media",All files are Copyright Epic Stock Media - All Rights Reserved © 2021 Epic Stock Media
Fantasy_Game_Magic_Holy_Spell_Cast_D.wav,"magic, spell, cast, conjure, whoosh, sparkle, glitter, designed, fantasy, mmo, witch, wizard, instant, elemental, organic, water, fire, flame, poision",Magic,Fantasy,Fantasy Game,00:08.000,Epic Stock Media,24,96000,2,"Brian Fairbanks, Epic Stock Media",Fantasy Game Magic Holy Spell Cast,https://epicstockmedia.com,"Brain Fairbanks, Gregory Mcmanus, Epic Stock Media",All files are Copyright Epic Stock Media - All Rights Reserved © 2021 Epic Stock Media
Fantasy_Game_Magic_Ice_Blizzard_Long_Spell_A.wav,"magic, spell, cast, conjure, whoosh, sparkle, glitter, designed, fantasy, mmo, witch, wizard, instant, elemental, organic, water, fire, flame, poision",Magic,Fantasy,Fantasy Game,00:10.636,Epic Stock Media,24,96000,2,"Brian Fairbanks, Epic Stock Media",Fantasy Game Magic Ice Blizzard Long Spell,https://epicstockmedia.com,"Brain Fairbanks, Gregory Mcmanus, Epic Stock Media",All files are Copyright Epic Stock Media - All Rights Reserved © 2021 Epic Stock Media
Fantasy_Game_Magic_Ice_Blizzard_Long_Spell_B.wav,"magic, spell, cast, conjure, whoosh, sparkle, glitter, designed, fantasy, mmo, witch, wizard, instant, elemental, organic, water, fire, flame, poision",Magic,Fantasy,Fantasy Game,00:12.474,Epic Stock Media,24,96000,2,"Brian Fairbanks, Epic Stock Media",Fantasy Game Magic Ice Blizzard Long Spell,https://epicstockmedia.com,"Brain Fairbanks, Gregory Mcmanus, Epic Stock Media",All files are Copyright Epic Stock Media - All Rights Reserved © 2021 Epic Stock Media
Fantasy_Game_Magic_Ice_Instant_Cast_Spell_A.wav,"magic, spell, cast, conjure, whoosh, sparkle, glitter, designed, fantasy, mmo, witch, wizard, instant, elemental, organic, water, fire, flame, poision",Magic,Fantasy,Fantasy Game,00:00.962,Epic Stock Media,24,96000,2,"Brian Fairbanks, Epic Stock Media",Fantasy Game Magic Ice Instant Cast Spell,https://epicstockmedia.com,"Brain Fairbanks, Gregory Mcmanus, Epic Stock Media",All files are Copyright Epic Stock Media - All Rights Reserved © 2021 Epic Stock Media
Fantasy_Game_Magic_Ice_Instant_Cast_Spell_B.wav,"magic, spell, cast, conjure, whoosh, sparkle, glitter, designed, fantasy, mmo, witch, wizard, instant, elemental, organic, water, fire, flame, poision",Magic,Fantasy,Fantasy Game,00:01.066,Epic Stock Media,24,96000,2,"Brian Fairbanks, Epic Stock Media",Fantasy Game Magic Ice Instant Cast Spell,https://epicstockmedia.com,"Brain Fairbanks, Gregory Mcmanus, Epic Stock Media",All files are Copyright Epic Stock Media - All Rights Reserved © 2021 Epic Stock Media
Fantasy_Game_Magic_Ice_Instant_Cast_Spell_C.wav,"magic, spell, cast, conjure, whoosh, sparkle, glitter, designed, fantasy, mmo, witch, wizard, instant, elemental, organic, water, fire, flame, poision",Magic,Fantasy,Fantasy Game,00:01.170,Epic Stock Media,24,96000,2,"Brian Fairbanks, Epic Stock Media",Fantasy Game Magic Ice Instant Cast Spell,https://epicstockmedia.com,"Brain Fairbanks, Gregory Mcmanus, Epic Stock Media",All files are Copyright Epic Stock Media - All Rights Reserved © 2021 Epic Stock Media
Fantasy_Game_Magic_Ice_Instant_Cast_Spell_D.wav,"magic, spell, cast, conjure, whoosh, sparkle, glitter, designed, fantasy, mmo, witch, wizard, instant, elemental, organic, water, fire, flame, poision",Magic,Fantasy,Fantasy Game,00:01.065,Epic Stock Media,24,96000,2,"Brian Fairbanks, Epic Stock Media",Fantasy Game Magic Ice Instant Cast Spell,https://epicstockmedia.com,"Brain Fairbanks, Gregory Mcmanus, Epic Stock Media",All files are Copyright Epic Stock Media - All Rights Reserved © 2021 Epic Stock Media
Fantasy_Game_Magic_Ice_Long_Cast_Spell_A.wav,"magic, spell, cast, conjure, whoosh, sparkle, glitter, designed, fantasy, mmo, witch, wizard, instant, elemental, organic, water, fire, flame, poision",Magic,Fantasy,Fantasy Game,00:06.247,Epic Stock Media,24,96000,2,"Brian Fairbanks, Epic Stock Media",Fantasy Game Magic Ice Long Cast Spell,https://epicstockmedia.com,"Brain Fairbanks, Gregory Mcmanus, Epic Stock Media",All files are Copyright Epic Stock Media - All Rights Reserved © 2021 Epic Stock Media
Fantasy_Game_Magic_Ice_Long_Cast_Spell_B.wav,"magic, spell, cast, conjure, whoosh, sparkle, glitter, designed, fantasy, mmo, witch, wizard, instant, elemental, organic, water, fire, flame, poision",Magic,Fantasy,Fantasy Game,00:06.209,Epic Stock Media,24,96000,2,"Brian Fairbanks, Epic Stock Media",Fantasy Game Magic Ice Long Cast Spell,https://epicstockmedia.com,"Brain Fairbanks, Gregory Mcmanus, Epic Stock Media",All files are Copyright Epic Stock Media - All Rights Reserved © 2021 Epic Stock Media
Fantasy_Game_Magic_Ice_Long_Spell_A.wav,"magic, spell, cast, conjure, whoosh, sparkle, glitter, designed, fantasy, mmo, witch, wizard, instant, elemental, organic, water, fire, flame, poision",Magic,Fantasy,Fantasy Game,00:04.000,Epic Stock Media,24,96000,2,"Brian Fairbanks, Epic Stock Media",Fantasy Game Magic Ice Long Spell,https://epicstockmedia.com,"Brain Fairbanks, Gregory Mcmanus, Epic Stock Media",All files are Copyright Epic Stock Media - All Rights Reserved © 2021 Epic Stock Media
Fantasy_Game_Magic_Ice_Long_Spell_B.wav,"magic, spell, cast, conjure, whoosh, sparkle, glitter, designed, fantasy, mmo, witch, wizard, instant, elemental, organic, water, fire, flame, poision",Magic,Fantasy,Fantasy Game,00:04.000,Epic Stock Media,24,96000,2,"Brian Fairbanks, Epic Stock Media",Fantasy Game Magic Ice Long Spell,https://epicstockmedia.com,"Brain Fairbanks, Gregory Mcmanus, Epic Stock Media",All files are Copyright Epic Stock Media - All Rights Reserved © 2021 Epic Stock Media
Fantasy_Game_Magic_Insanity_Spell_A.wav,"magic, spell, cast, conjure, whoosh, sparkle, glitter, designed, fantasy, mmo, witch, wizard, instant, elemental, organic, water, fire, flame, poision",Magic,Fantasy,Fantasy Game,00:08.871,Epic Stock Media,24,96000,2,"Brian Fairbanks, Epic Stock Media",Fantasy Game Magic Insanity Spell,https://epicstockmedia.com,"Brain Fairbanks, Gregory Mcmanus, Epic Stock Media",All files are Copyright Epic Stock Media - All Rights Reserved © 2021 Epic Stock Media
Fantasy_Game_Magic_Lightning_Instant_Cast_Spell_A.wav,"magic, spell, cast, conjure, whoosh, sparkle, glitter, designed, fantasy, mmo, witch, wizard, instant, elemental, organic, water, fire, flame, poision",Magic,Fantasy,Fantasy Game,00:01.717,Epic Stock Media,24,96000,2,"Brian Fairbanks, Epic Stock Media",Fantasy Game Magic Lightning Instant Cast Spell,https://epicstockmedia.com,"Brain Fairbanks, Gregory Mcmanus, Epic Stock Media",All files are Copyright Epic Stock Media - All Rights Reserved © 2021 Epic Stock Media
Fantasy_Game_Magic_Lightning_Instant_Cast_Spell_B.wav,"magic, spell, cast, conjure, whoosh, sparkle, glitter, designed, fantasy, mmo, witch, wizard, instant, elemental, organic, water, fire, flame, poision",Magic,Fantasy,Fantasy Game,00:01.527,Epic Stock Media,24,96000,2,"Brian Fairbanks, Epic Stock Media",Fantasy Game Magic Lightning Instant Cast Spell,https://epicstockmedia.com,"Brain Fairbanks, Gregory Mcmanus, Epic Stock Media",All files are Copyright Epic Stock Media - All Rights Reserved © 2021 Epic Stock Media
Fantasy_Game_Magic_Lightning_Instant_Cast_Spell_C.wav,"magic, spell, cast, conjure, whoosh, sparkle, glitter, designed, fantasy, mmo, witch, wizard, instant, elemental, organic, water, fire, flame, poision",Magic,Fantasy,Fantasy Game,00:01.701,Epic Stock Media,24,96000,2,"Brian Fairbanks, Epic Stock Media",Fantasy Game Magic Lightning Instant Cast Spell,https://epicstockmedia.com,"Brain Fairbanks, Gregory Mcmanus, Epic Stock Media",All files are Copyright Epic Stock Media - All Rights Reserved © 2021 Epic Stock Media
Fantasy_Game_Magic_Lightning_Instant_Cast_Spell_D.wav,"magic, spell, cast, conjure, whoosh, sparkle, glitter, designed, fantasy, mmo, witch, wizard, instant, elemental, organic, water, fire, flame, poision",Magic,Fantasy,Fantasy Game,00:01.838,Epic Stock Media,24,96000,2,"Brian Fairbanks, Epic Stock Media",Fantasy Game Magic Lightning Instant Cast Spell,https://epicstockmedia.com,"Brain Fairbanks, Gregory Mcmanus, Epic Stock Media",All files are Copyright Epic Stock Media - All Rights Reserved © 2021 Epic Stock Media
Fantasy_Game_Magic_Lightning_Long_Cast_Spell_A.wav,"magic, spell, cast, conjure, whoosh, sparkle, glitter, designed, fantasy, mmo, witch, wizard, instant, elemental, organic, water, fire, flame, poision",Magic,Fantasy,Fantasy Game,00:05.949,Epic Stock Media,24,96000,2,"Brian Fairbanks, Epic Stock Media",Fantasy Game Magic Lightning Long Cast Spell,https://epicstockmedia.com,"Brain Fairbanks, Gregory Mcmanus, Epic Stock Media",All files are Copyright Epic Stock Media - All Rights Reserved © 2021 Epic Stock Media
Fantasy_Game_Magic_Lightning_Long_Cast_Spell_B.wav,"magic, spell, cast, conjure, whoosh, sparkle, glitter, designed, fantasy, mmo, witch, wizard, instant, elemental, organic, water, fire, flame, poision",Magic,Fantasy,Fantasy Game,00:05.974,Epic Stock Media,24,96000,2,"Brian Fairbanks, Epic Stock Media",Fantasy Game Magic Lightning Long Cast Spell,https://epicstockmedia.com,"Brain Fairbanks, Gregory Mcmanus, Epic Stock Media",All files are Copyright Epic Stock Media - All Rights Reserved © 2021 Epic Stock Media
Fantasy_Game_Magic_Lightning_Spell_A.wav,"magic, spell, cast, conjure, whoosh, sparkle, glitter, designed, fantasy, mmo, witch, wizard, instant, elemental, organic, water, fire, flame, poision",Magic,Fantasy,Fantasy Game,00:06.284,Epic Stock Media,24,96000,2,"Brian Fairbanks, Epic Stock Media",Fantasy Game Magic Lightning Spell,https://epicstockmedia.com,"Brain Fairbanks, Gregory Mcmanus, Epic Stock Media",All files are Copyright Epic Stock Media - All Rights Reserved © 2021 Epic Stock Media
Fantasy_Game_Magic_Lightning_Spell_B.wav,"magic, spell, cast, conjure, whoosh, sparkle, glitter, designed, fantasy, mmo, witch, wizard, instant, elemental, organic, water, fire, flame, poision",Magic,Fantasy,Fantasy Game,00:07.353,Epic Stock Media,24,96000,2,"Brian Fairbanks, Epic Stock Media",Fantasy Game Magic Lightning Spell,https://epicstockmedia.com,"Brain Fairbanks, Gregory Mcmanus, Epic Stock Media",All files are Copyright Epic Stock Media - All Rights Reserved © 2021 Epic Stock Media
Fantasy_Game_Magic_Meditation_Spell.wav,"magic, spell, cast, conjure, whoosh, sparkle, glitter, designed, fantasy, mmo, witch, wizard, instant, elemental, organic, water, fire, flame, poision",Magic,Fantasy,Fantasy Game,00:07.366,Epic Stock Media,24,96000,2,"Brian Fairbanks, Epic Stock Media",Fantasy Game Magic Meditation Spell,https://epicstockmedia.com,"Brain Fairbanks, Gregory Mcmanus, Epic Stock Media",All files are Copyright Epic Stock Media - All Rights Reserved © 2021 Epic Stock Media
Fantasy_Game_Magic_Meteor_Spell_Hit_A.wav,"magic, spell, cast, conjure, whoosh, sparkle, glitter, designed, fantasy, mmo, witch, wizard, instant, elemental, organic, water, fire, flame, poision",Magic,Fantasy,Fantasy Game,00:05.400,Epic Stock Media,24,96000,2,"Brian Fairbanks, Epic Stock Media",Fantasy Game Magic Meteor Spell Hit,https://epicstockmedia.com,"Brain Fairbanks, Gregory Mcmanus, Epic Stock Media",All files are Copyright Epic Stock Media - All Rights Reserved © 2021 Epic Stock Media
Fantasy_Game_Magic_Meteor_Spell_Hit_B.wav,"magic, spell, cast, conjure, whoosh, sparkle, glitter, designed, fantasy, mmo, witch, wizard, instant, elemental, organic, water, fire, flame, poision",Magic,Fantasy,Fantasy Game,00:05.788,Epic Stock Media,24,96000,2,"Brian Fairbanks, Epic Stock Media",Fantasy Game Magic Meteor Spell Hit,https://epicstockmedia.com,"Brain Fairbanks, Gregory Mcmanus, Epic Stock Media",All files are Copyright Epic Stock Media - All Rights Reserved © 2021 Epic Stock Media
Fantasy_Game_Magic_Minor_Debuff_1.wav,"magic, spell, cast, conjure, whoosh, sparkle, glitter, designed, fantasy, mmo, witch, wizard, instant, elemental, organic, water, fire, flame, poision",Magic,Fantasy,Fantasy Game,00:04.750,Epic Stock Media,24,96000,2,"Brian Fairbanks, Epic Stock Media",Fantasy Game Magic Minor Debuff 1,https://epicstockmedia.com,"Brain Fairbanks, Gregory Mcmanus, Epic Stock Media",All files are Copyright Epic Stock Media - All Rights Reserved © 2021 Epic Stock Media
Fantasy_Game_Magic_Minor_Debuff_2.wav,"magic, spell, cast, conjure, whoosh, sparkle, glitter, designed, fantasy, mmo, witch, wizard, instant, elemental, organic, water, fire, flame, poision",Magic,Fantasy,Fantasy Game,00:04.000,Epic Stock Media,24,96000,2,"Brian Fairbanks, Epic Stock Media",Fantasy Game Magic Minor Debuff 2,https://epicstockmedia.com,"Brain Fairbanks, Gregory Mcmanus, Epic Stock Media",All files are Copyright Epic Stock Media - All Rights Reserved © 2021 Epic Stock Media
Fantasy_Game_Magic_Molten_Lave_Hit.wav,"magic, spell, cast, conjure, whoosh, sparkle, glitter, designed, fantasy, mmo, witch, wizard, instant, elemental, organic, water, fire, flame, poision",Magic,Fantasy,Fantasy Game,00:03.437,Epic Stock Media,24,96000,2,"Brian Fairbanks, Epic Stock Media",Fantasy Game Magic Molten Lave Hit,https://epicstockmedia.com,"Brain Fairbanks, Gregory Mcmanus, Epic Stock Media",All files are Copyright Epic Stock Media - All Rights Reserved © 2021 Epic Stock Media
Fantasy_Game_Magic_Molten_Lave_Hit_2.wav,"magic, spell, cast, conjure, whoosh, sparkle, glitter, designed, fantasy, mmo, witch, wizard, instant, elemental, organic, water, fire, flame, poision",Magic,Fantasy,Fantasy Game,00:02.347,Epic Stock Media,24,96000,2,"Brian Fairbanks, Epic Stock Media",Fantasy Game Magic Molten Lave Hit 2,https://epicstockmedia.com,"Brain Fairbanks, Gregory Mcmanus, Epic Stock Media",All files are Copyright Epic Stock Media - All Rights Reserved © 2021 Epic Stock Media
Fantasy_Game_Magic_Molten_Lave_Hit_3.wav,"magic, spell, cast, conjure, whoosh, sparkle, glitter, designed, fantasy, mmo, witch, wizard, instant, elemental, organic, water, fire, flame, poision",Magic,Fantasy,Fantasy Game,00:03.405,Epic Stock Media,24,96000,2,"Brian Fairbanks, Epic Stock Media",Fantasy Game Magic Molten Lave Hit 3,https://epicstockmedia.com,"Brain Fairbanks, Gregory Mcmanus, Epic Stock Media",All files are Copyright Epic Stock Media - All Rights Reserved © 2021 Epic Stock Media
Fantasy_Game_Magic_Organic_Conjure_Upgrade_.wav,"magic, spell, cast, conjure, whoosh, sparkle, glitter, designed, fantasy, mmo, witch, wizard, instant, elemental, organic, water, fire, flame, poision",Magic,Fantasy,Fantasy Game,00:02.625,Epic Stock Media,24,96000,2,"Brian Fairbanks, Epic Stock Media",Fantasy Game Organic Magic Conjure Upgrade,https://epicstockmedia.com,"Brain Fairbanks, Gregory Mcmanus, Epic Stock Media",All files are Copyright Epic Stock Media - All Rights Reserved © 2021 Epic Stock Media
Fantasy_Game_Magic_Organic_Poof_Buff_Hit.wav,"magic, spell, cast, conjure, whoosh, sparkle, glitter, designed, fantasy, mmo, witch, wizard, instant, elemental, organic, water, fire, flame, poision",Magic,Fantasy,Fantasy Game,00:02.750,Epic Stock Media,24,96000,2,"Brian Fairbanks, Epic Stock Media",Fantasy Game Organic Magic Poof Buff Hit,https://epicstockmedia.com,"Brain Fairbanks, Gregory Mcmanus, Epic Stock Media",All files are Copyright Epic Stock Media - All Rights Reserved © 2021 Epic Stock Media
Fantasy_Game_Magic_Organic_Poof_Buff_Hit_2.wav,"magic, spell, cast, conjure, whoosh, sparkle, glitter, designed, fantasy, mmo, witch, wizard, instant, elemental, organic, water, fire, flame, poision",Magic,Fantasy,Fantasy Game,00:02.500,Epic Stock Media,24,96000,2,"Brian Fairbanks, Epic Stock Media",Fantasy Game Organic Magic Poof Buff Hit 2,https://epicstockmedia.com,"Brain Fairbanks, Gregory Mcmanus, Epic Stock Media",All files are Copyright Epic Stock Media - All Rights Reserved © 2021 Epic Stock Media
Fantasy_Game_Magic_Organic_Poof_Buff_Hit_3.wav,"magic, spell, cast, conjure, whoosh, sparkle, glitter, designed, fantasy, mmo, witch, wizard, instant, elemental, organic, water, fire, flame, poision",Magic,Fantasy,Fantasy Game,00:03.250,Epic Stock Media,24,96000,2,"Brian Fairbanks, Epic Stock Media",Fantasy Game Organic Magic Poof Buff Hit 3,https://epicstockmedia.com,"Brain Fairbanks, Gregory Mcmanus, Epic Stock Media",All files are Copyright Epic Stock Media - All Rights Reserved © 2021 Epic Stock Media
Fantasy_Game_Magic_Organic_Poof_Buff_Hit_4.wav,"magic, spell, cast, conjure, whoosh, sparkle, glitter, designed, fantasy, mmo, witch, wizard, instant, elemental, organic, water, fire, flame, poision",Magic,Fantasy,Fantasy Game,00:03.125,Epic Stock Media,24,96000,2,"Brian Fairbanks, Epic Stock Media",Fantasy Game Organic Magic Poof Buff Hit 4,https://epicstockmedia.com,"Brain Fairbanks, Gregory Mcmanus, Epic Stock Media",All files are Copyright Epic Stock Media - All Rights Reserved © 2021 Epic Stock Media
Fantasy_Game_Magic_Organic_Poof_Buff_Hit_5.wav,"magic, spell, cast, conjure, whoosh, sparkle, glitter, designed, fantasy, mmo, witch, wizard, instant, elemental, organic, water, fire, flame, poision",Magic,Fantasy,Fantasy Game,00:04.000,Epic Stock Media,24,96000,2,"Brian Fairbanks, Epic Stock Media",Fantasy Game Organic Magic Poof Buff Hit 5,https://epicstockmedia.com,"Brain Fairbanks, Gregory Mcmanus, Epic Stock Media",All files are Copyright Epic Stock Media - All Rights Reserved © 2021 Epic Stock Media
Fantasy_Game_Magic_Organic_Poof_Buff_Hit_6.wav,"magic, spell, cast, conjure, whoosh, sparkle, glitter, designed, fantasy, mmo, witch, wizard, instant, elemental, organic, water, fire, flame, poision",Magic,Fantasy,Fantasy Game,00:02.250,Epic Stock Media,24,96000,2,"Brian Fairbanks, Epic Stock Media",Fantasy Game Organic Magic Poof Buff Hit 6,https://epicstockmedia.com,"Brain Fairbanks, Gregory Mcmanus, Epic Stock Media",All files are Copyright Epic Stock Media - All Rights Reserved © 2021 Epic Stock Media
Fantasy_Game_Magic_Organic_Rain_Area_Effect_1.wav,"magic, spell, cast, conjure, whoosh, sparkle, glitter, designed, fantasy, mmo, witch, wizard, instant, elemental, organic, water, fire, flame, poision",Magic,Fantasy,Fantasy Game,00:08.000,Epic Stock Media,24,96000,2,"Brian Fairbanks, Epic Stock Media",Fantasy Game Organic Magic Rain Area Effect 1,https://epicstockmedia.com,"Brain Fairbanks, Gregory Mcmanus, Epic Stock Media",All files are Copyright Epic Stock Media - All Rights Reserved © 2021 Epic Stock Media
Fantasy_Game_Magic_Organic_Rain_Area_Effect_2v.wav,"magic, spell, cast, conjure, whoosh, sparkle, glitter, designed, fantasy, mmo, witch, wizard, instant, elemental, organic, water, fire, flame, poision",Magic,Fantasy,Fantasy Game,00:03.500,Epic Stock Media,24,96000,2,"Brian Fairbanks, Epic Stock Media",Fantasy Game Organic Magic Rain Area Effect 2,https://epicstockmedia.com,"Brain Fairbanks, Gregory Mcmanus, Epic Stock Media",All files are Copyright Epic Stock Media - All Rights Reserved © 2021 Epic Stock Media
Fantasy_Game_Magic_Organic_Rain_Area_Effect_3.wav,"magic, spell, cast, conjure, whoosh, sparkle, glitter, designed, fantasy, mmo, witch, wizard, instant, elemental, organic, water, fire, flame, poision",Magic,Fantasy,Fantasy Game,00:07.000,Epic Stock Media,24,96000,2,"Brian Fairbanks, Epic Stock Media",Fantasy Game Organic Magic Rain Area Effect 3,https://epicstockmedia.com,"Brain Fairbanks, Gregory Mcmanus, Epic Stock Media",All files are Copyright Epic Stock Media - All Rights Reserved © 2021 Epic Stock Media
Fantasy_Game_Magic_Organic_Rain_Area_Effect_4.wav,"magic, spell, cast, conjure, whoosh, sparkle, glitter, designed, fantasy, mmo, witch, wizard, instant, elemental, organic, water, fire, flame, poision",Magic,Fantasy,Fantasy Game,00:09.000,Epic Stock Media,24,96000,2,"Brian Fairbanks, Epic Stock Media",Fantasy Game Organic Magic Rain Area Effect 4,https://epicstockmedia.com,"Brain Fairbanks, Gregory Mcmanus, Epic Stock Media",All files are Copyright Epic Stock Media - All Rights Reserved © 2021 Epic Stock Media
Fantasy_Game_Magic_Possession_Spell.wav,"magic, spell, cast, conjure, whoosh, sparkle, glitter, designed, fantasy, mmo, witch, wizard, instant, elemental, organic, water, fire, flame, poision",Magic,Fantasy,Fantasy Game,00:07.500,Epic Stock Media,24,96000,2,"Brian Fairbanks, Epic Stock Media",Fantasy Game Magic Possession Spell,https://epicstockmedia.com,"Brain Fairbanks, Gregory Mcmanus, Epic Stock Media",All files are Copyright Epic Stock Media - All Rights Reserved © 2021 Epic Stock Media
Fantasy_Game_Magic_Potion_Bottle_Cork_Pop.wav,"magic, spell, cast, conjure, whoosh, sparkle, glitter, designed, fantasy, mmo, witch, wizard, instant, elemental, organic, water, fire, flame, poision",Magic,Fantasy,Fantasy Game,00:01.875,Epic Stock Media,24,96000,2,"Brian Fairbanks, Epic Stock Media",Fantasy Game Potion Bottle Cork Pop,https://epicstockmedia.com,"Brain Fairbanks, Gregory Mcmanus, Epic Stock Media",All files are Copyright Epic Stock Media - All Rights Reserved © 2021 Epic Stock Media
Fantasy_Game_Magic_Potion_Bottle_Cork_Pop_Magic.wav,"magic, spell, cast, conjure, whoosh, sparkle, glitter, designed, fantasy, mmo, witch, wizard, instant, elemental, organic, water, fire, flame, poision",Magic,Fantasy,Fantasy Game,00:02.750,Epic Stock Media,24,96000,2,"Brian Fairbanks, Epic Stock Media",Fantasy Game Potion Bottle Cork Pop Magic,https://epicstockmedia.com,"Brain Fairbanks, Gregory Mcmanus, Epic Stock Media",All files are Copyright Epic Stock Media - All Rights Reserved © 2021 Epic Stock Media
Fantasy_Game_Magic_Potion_Bottle_Cork_Pop_Magic_2.wav,"magic, spell, cast, conjure, whoosh, sparkle, glitter, designed, fantasy, mmo, witch, wizard, instant, elemental, organic, water, fire, flame, poision",Magic,Fantasy,Fantasy Game,00:02.750,Epic Stock Media,24,96000,2,"Brian Fairbanks, Epic Stock Media",Fantasy Game Potion Bottle Cork Pop Magic 2,https://epicstockmedia.com,"Brain Fairbanks, Gregory Mcmanus, Epic Stock Media",All files are Copyright Epic Stock Media - All Rights Reserved © 2021 Epic Stock Media
Fantasy_Game_Magic_Shadow_Instant_Cast_Spell_A.wav,"magic, spell, cast, conjure, whoosh, sparkle, glitter, designed, fantasy, mmo, witch, wizard, instant, elemental, organic, water, fire, flame, poision",Magic,Fantasy,Fantasy Game,00:01.829,Epic Stock Media,24,96000,2,"Brian Fairbanks, Epic Stock Media",Fantasy Game Magic Shadow Instant Cast Spell,https://epicstockmedia.com,"Brain Fairbanks, Gregory Mcmanus, Epic Stock Media",All files are Copyright Epic Stock Media - All Rights Reserved © 2021 Epic Stock Media
Fantasy_Game_Magic_Shadow_Instant_Cast_Spell_B.wav,"magic, spell, cast, conjure, whoosh, sparkle, glitter, designed, fantasy, mmo, witch, wizard, instant, elemental, organic, water, fire, flame, poision",Magic,Fantasy,Fantasy Game,00:02.211,Epic Stock Media,24,96000,2,"Brian Fairbanks, Epic Stock Media",Fantasy Game Magic Shadow Instant Cast Spell,https://epicstockmedia.com,"Brain Fairbanks, Gregory Mcmanus, Epic Stock Media",All files are Copyright Epic Stock Media - All Rights Reserved © 2021 Epic Stock Media
Fantasy_Game_Magic_Shadow_Instant_Cast_Spell_C.wav,"magic, spell, cast, conjure, whoosh, sparkle, glitter, designed, fantasy, mmo, witch, wizard, instant, elemental, organic, water, fire, flame, poision",Magic,Fantasy,Fantasy Game,00:02.704,Epic Stock Media,24,96000,2,"Brian Fairbanks, Epic Stock Media",Fantasy Game Magic Shadow Instant Cast Spell,https://epicstockmedia.com,"Brain Fairbanks, Gregory Mcmanus, Epic Stock Media",All files are Copyright Epic Stock Media - All Rights Reserved © 2021 Epic Stock Media
Fantasy_Game_Magic_Shadow_Instant_Cast_Spell_D.wav,"magic, spell, cast, conjure, whoosh, sparkle, glitter, designed, fantasy, mmo, witch, wizard, instant, elemental, organic, water, fire, flame, poision",Magic,Fantasy,Fantasy Game,00:03.395,Epic Stock Media,24,96000,2,"Brian Fairbanks, Epic Stock Media",Fantasy Game Magic Shadow Instant Cast Spell,https://epicstockmedia.com,"Brain Fairbanks, Gregory Mcmanus, Epic Stock Media",All files are Copyright Epic Stock Media - All Rights Reserved © 2021 Epic Stock Media
Fantasy_Game_Magic_Shadow_Instant_Cast_Spell_E.wav,"magic, spell, cast, conjure, whoosh, sparkle, glitter, designed, fantasy, mmo, witch, wizard, instant, elemental, organic, water, fire, flame, poision",Magic,Fantasy,Fantasy Game,00:02.662,Epic Stock Media,24,96000,2,"Brian Fairbanks, Epic Stock Media",Fantasy Game Magic Shadow Instant Cast Spell,https://epicstockmedia.com,"Brain Fairbanks, Gregory Mcmanus, Epic Stock Media",All files are Copyright Epic Stock Media - All Rights Reserved © 2021 Epic Stock Media
Fantasy_Game_Magic_Shadow_Spell.wav,"magic, spell, cast, conjure, whoosh, sparkle, glitter, designed, fantasy, mmo, witch, wizard, instant, elemental, organic, water, fire, flame, poision",Magic,Fantasy,Fantasy Game,00:04.597,Epic Stock Media,24,96000,2,"Brian Fairbanks, Epic Stock Media",Fantasy Game Magic Shadow Spell,https://epicstockmedia.com,"Brain Fairbanks, Gregory Mcmanus, Epic Stock Media",All files are Copyright Epic Stock Media - All Rights Reserved © 2021 Epic Stock Media
Fantasy_Game_Magic_Shadow_Spell_A.wav,"magic, spell, cast, conjure, whoosh, sparkle, glitter, designed, fantasy, mmo, witch, wizard, instant, elemental, organic, water, fire, flame, poision",Magic,Fantasy,Fantasy Game,00:06.615,Epic Stock Media,24,96000,2,"Brian Fairbanks, Epic Stock Media",Fantasy Game Magic Shadow Spell,https://epicstockmedia.com,"Brain Fairbanks, Gregory Mcmanus, Epic Stock Media",All files are Copyright Epic Stock Media - All Rights Reserved © 2021 Epic Stock Media
Fantasy_Game_Magic_Shadow_Spell_B.wav,"magic, spell, cast, conjure, whoosh, sparkle, glitter, designed, fantasy, mmo, witch, wizard, instant, elemental, organic, water, fire, flame, poision",Magic,Fantasy,Fantasy Game,00:06.641,Epic Stock Media,24,96000,2,"Brian Fairbanks, Epic Stock Media",Fantasy Game Magic Shadow Spell,https://epicstockmedia.com,"Brain Fairbanks, Gregory Mcmanus, Epic Stock Media",All files are Copyright Epic Stock Media - All Rights Reserved © 2021 Epic Stock Media
Fantasy_Game_Magic_Thunderstorm_Cast_Spell_A.wav,"magic, spell, cast, conjure, whoosh, sparkle, glitter, designed, fantasy, mmo, witch, wizard, instant, elemental, organic, water, fire, flame, poision",Magic,Fantasy,Fantasy Game,00:15.091,Epic Stock Media,24,96000,2,"Brian Fairbanks, Epic Stock Media",Fantasy Game Magic Thunderstorm Cast Spell,https://epicstockmedia.com,"Brain Fairbanks, Gregory Mcmanus, Epic Stock Media",All files are Copyright Epic Stock Media - All Rights Reserved © 2021 Epic Stock Media
Fantasy_Game_Magic_Thunderstorm_Cast_Spell_B.wav,"magic, spell, cast, conjure, whoosh, sparkle, glitter, designed, fantasy, mmo, witch, wizard, instant, elemental, organic, water, fire, flame, poision",Magic,Fantasy,Fantasy Game,00:13.492,Epic Stock Media,24,96000,2,"Brian Fairbanks, Epic Stock Media",Fantasy Game Magic Thunderstorm Cast Spell,https://epicstockmedia.com,"Brain Fairbanks, Gregory Mcmanus, Epic Stock Media",All files are Copyright Epic Stock Media - All Rights Reserved © 2021 Epic Stock Media
Fantasy_Game_Magic_Water_Bolt_1.wav,"magic, spell, cast, conjure, whoosh, sparkle, glitter, designed, fantasy, mmo, witch, wizard, instant, elemental, organic, water, fire, flame, poision",Magic,Fantasy,Fantasy Game,00:01.404,Epic Stock Media,24,96000,2,"Brian Fairbanks, Epic Stock Media",Fantasy Game Water Bolt 1,https://epicstockmedia.com,"Brain Fairbanks, Gregory Mcmanus, Epic Stock Media",All files are Copyright Epic Stock Media - All Rights Reserved © 2021 Epic Stock Media
Fantasy_Game_Magic_Water_Bolt_2.wav,"magic, spell, cast, conjure, whoosh, sparkle, glitter, designed, fantasy, mmo, witch, wizard, instant, elemental, organic, water, fire, flame, poision",Magic,Fantasy,Fantasy Game,00:01.347,Epic Stock Media,24,96000,2,"Brian Fairbanks, Epic Stock Media",Fantasy Game Water Bolt 2,https://epicstockmedia.com,"Brain Fairbanks, Gregory Mcmanus, Epic Stock Media",All files are Copyright Epic Stock Media - All Rights Reserved © 2021 Epic Stock Media
Fantasy_Game_Magic_Water_Bolt_3.wav,"magic, spell, cast, conjure, whoosh, sparkle, glitter, designed, fantasy, mmo, witch, wizard, instant, elemental, organic, water, fire, flame, poision",Magic,Fantasy,Fantasy Game,00:01.354,Epic Stock Media,24,96000,2,"Brian Fairbanks, Epic Stock Media",Fantasy Game Water Bolt 3,https://epicstockmedia.com,"Brain Fairbanks, Gregory Mcmanus, Epic Stock Media",All files are Copyright Epic Stock Media - All Rights Reserved © 2021 Epic Stock Media
Fantasy_Game_Magic_Water_Bolt_4.wav,"magic, spell, cast, conjure, whoosh, sparkle, glitter, designed, fantasy, mmo, witch, wizard, instant, elemental, organic, water, fire, flame, poision",Magic,Fantasy,Fantasy Game,00:01.391,Epic Stock Media,24,96000,2,"Brian Fairbanks, Epic Stock Media",Fantasy Game Water Bolt 4,https://epicstockmedia.com,"Brain Fairbanks, Gregory Mcmanus, Epic Stock Media",All files are Copyright Epic Stock Media - All Rights Reserved © 2021 Epic Stock Media
Fantasy_Game_Footstep_Dirt_Heavy_A.wav,"walking, footstep, foley, organic, field recording, running, grass, stone, dirt, heavy light, boots, shoes, single, one shot",Footsteps,Fantasy,Fantasy Game,00:00.256,Epic Stock Media,24,96000,2,"Brian Fairbanks, Epic Stock Media",Fantasy Game Footstep Dirt Heavy,https://epicstockmedia.com,"Brain Fairbanks, Gregory Mcmanus, Epic Stock Media",All files are Copyright Epic Stock Media - All Rights Reserved © 2021 Epic Stock Media
Fantasy_Game_Footstep_Dirt_Heavy_B.wav,"walking, footstep, foley, organic, field recording, running, grass, stone, dirt, heavy light, boots, shoes, single, one shot",Footsteps,Fantasy,Fantasy Game,00:00.322,Epic Stock Media,24,96000,2,"Brian Fairbanks, Epic Stock Media",Fantasy Game Footstep Dirt Heavy,https://epicstockmedia.com,"Brain Fairbanks, Gregory Mcmanus, Epic Stock Media",All files are Copyright Epic Stock Media - All Rights Reserved © 2021 Epic Stock Media
Fantasy_Game_Footstep_Dirt_Heavy_C.wav,"walking, footstep, foley, organic, field recording, running, grass, stone, dirt, heavy light, boots, shoes, single, one shot",Footsteps,Fantasy,Fantasy Game,00:00.302,Epic Stock Media,24,96000,2,"Brian Fairbanks, Epic Stock Media",Fantasy Game Footstep Dirt Heavy,https://epicstockmedia.com,"Brain Fairbanks, Gregory Mcmanus, Epic Stock Media",All files are Copyright Epic Stock Media - All Rights Reserved © 2021 Epic Stock Media
Fantasy_Game_Footstep_Dirt_Heavy_D.wav,"walking, footstep, foley, organic, field recording, running, grass, stone, dirt, heavy light, boots, shoes, single, one shot",Footsteps,Fantasy,Fantasy Game,00:00.250,Epic Stock Media,24,96000,2,"Brian Fairbanks, Epic Stock Media",Fantasy Game Footstep Dirt Heavy,https://epicstockmedia.com,"Brain Fairbanks, Gregory Mcmanus, Epic Stock Media",All files are Copyright Epic Stock Media - All Rights Reserved © 2021 Epic Stock Media
Fantasy_Game_Footstep_Dirt_Heavy_E.wav,"walking, footstep, foley, organic, field recording, running, grass, stone, dirt, heavy light, boots, shoes, single, one shot",Footsteps,Fantasy,Fantasy Game,00:00.250,Epic Stock Media,24,96000,2,"Brian Fairbanks, Epic Stock Media",Fantasy Game Footstep Dirt Heavy,https://epicstockmedia.com,"Brain Fairbanks, Gregory Mcmanus, Epic Stock Media",All files are Copyright Epic Stock Media - All Rights Reserved © 2021 Epic Stock Media
Fantasy_Game_Footstep_Dirt_Heavy_F.wav,"walking, footstep, foley, organic, field recording, running, grass, stone, dirt, heavy light, boots, shoes, single, one shot",Footsteps,Fantasy,Fantasy Game,00:00.310,Epic Stock Media,24,96000,2,"Brian Fairbanks, Epic Stock Media",Fantasy Game Footstep Dirt Heavy,https://epicstockmedia.com,"Brain Fairbanks, Gregory Mcmanus, Epic Stock Media",All files are Copyright Epic Stock Media - All Rights Reserved © 2021 Epic Stock Media
Fantasy_Game_Footstep_Dirt_Heavy_G.wav,"walking, footstep, foley, organic, field recording, running, grass, stone, dirt, heavy light, boots, shoes, single, one shot",Footsteps,Fantasy,Fantasy Game,00:00.299,Epic Stock Media,24,96000,2,"Brian Fairbanks, Epic Stock Media",Fantasy Game Footstep Dirt Heavy,https://epicstockmedia.com,"Brain Fairbanks, Gregory Mcmanus, Epic Stock Media",All files are Copyright Epic Stock Media - All Rights Reserved © 2021 Epic Stock Media
Fantasy_Game_Footstep_Dirt_Heavy_H.wav,"walking, footstep, foley, organic, field recording, running, grass, stone, dirt, heavy light, boots, shoes, single, one shot",Footsteps,Fantasy,Fantasy Game,00:00.365,Epic Stock Media,24,96000,2,"Brian Fairbanks, Epic Stock Media",Fantasy Game Footstep Dirt Heavy,https://epicstockmedia.com,"Brain Fairbanks, Gregory Mcmanus, Epic Stock Media",All files are Copyright Epic Stock Media - All Rights Reserved © 2021 Epic Stock Media
Fantasy_Game_Footstep_Dirt_Heavy_I.wav,"walking, footstep, foley, organic, field recording, running, grass, stone, dirt, heavy light, boots, shoes, single, one shot",Footsteps,Fantasy,Fantasy Game,00:00.345,Epic Stock Media,24,96000,2,"Brian Fairbanks, Epic Stock Media",Fantasy Game Footstep Dirt Heavy,https://epicstockmedia.com,"Brain Fairbanks, Gregory Mcmanus, Epic Stock Media",All files are Copyright Epic Stock Media - All Rights Reserved © 2021 Epic Stock Media
Fantasy_Game_Footstep_Dirt_Heavy_J.wav,"walking, footstep, foley, organic, field recording, running, grass, stone, dirt, heavy light, boots, shoes, single, one shot",Footsteps,Fantasy,Fantasy Game,00:00.241,Epic Stock Media,24,96000,2,"Brian Fairbanks, Epic Stock Media",Fantasy Game Footstep Dirt Heavy,https://epicstockmedia.com,"Brain Fairbanks, Gregory Mcmanus, Epic Stock Media",All files are Copyright Epic Stock Media - All Rights Reserved © 2021 Epic Stock Media
Fantasy_Game_Footstep_Dirt_Light_A.wav,"walking, footstep, foley, organic, field recording, running, grass, stone, dirt, heavy light, boots, shoes, single, one shot",Footsteps,Fantasy,Fantasy Game,00:00.322,Epic Stock Media,24,96000,2,"Brian Fairbanks, Epic Stock Media",Fantasy Game Footstep Dirt Light,https://epicstockmedia.com,"Brain Fairbanks, Gregory Mcmanus, Epic Stock Media",All files are Copyright Epic Stock Media - All Rights Reserved © 2021 Epic Stock Media
Fantasy_Game_Footstep_Dirt_Light_B.wav,"walking, footstep, foley, organic, field recording, running, grass, stone, dirt, heavy light, boots, shoes, single, one shot",Footsteps,Fantasy,Fantasy Game,00:00.302,Epic Stock Media,24,96000,2,"Brian Fairbanks, Epic Stock Media",Fantasy Game Footstep Dirt Light,https://epicstockmedia.com,"Brain Fairbanks, Gregory Mcmanus, Epic Stock Media",All files are Copyright Epic Stock Media - All Rights Reserved © 2021 Epic Stock Media
Fantasy_Game_Footstep_Dirt_Light_C.wav,"walking, footstep, foley, organic, field recording, running, grass, stone, dirt, heavy light, boots, shoes, single, one shot",Footsteps,Fantasy,Fantasy Game,00:00.250,Epic Stock Media,24,96000,2,"Brian Fairbanks, Epic Stock Media",Fantasy Game Footstep Dirt Light,https://epicstockmedia.com,"Brain Fairbanks, Gregory Mcmanus, Epic Stock Media",All files are Copyright Epic Stock Media - All Rights Reserved © 2021 Epic Stock Media
Fantasy_Game_Footstep_Dirt_Light_D.wav,"walking, footstep, foley, organic, field recording, running, grass, stone, dirt, heavy light, boots, shoes, single, one shot",Footsteps,Fantasy,Fantasy Game,00:00.250,Epic Stock Media,24,96000,2,"Brian Fairbanks, Epic Stock Media",Fantasy Game Footstep Dirt Light,https://epicstockmedia.com,"Brain Fairbanks, Gregory Mcmanus, Epic Stock Media",All files are Copyright Epic Stock Media - All Rights Reserved © 2021 Epic Stock Media
Fantasy_Game_Footstep_Dirt_Light_E.wav,"walking, footstep, foley, organic, field recording, running, grass, stone, dirt, heavy light, boots, shoes, single, one shot",Footsteps,Fantasy,Fantasy Game,00:00.310,Epic Stock Media,24,96000,2,"Brian Fairbanks, Epic Stock Media",Fantasy Game Footstep Dirt Light,https://epicstockmedia.com,"Brain Fairbanks, Gregory Mcmanus, Epic Stock Media",All files are Copyright Epic Stock Media - All Rights Reserved © 2021 Epic Stock Media
Fantasy_Game_Footstep_Dirt_Light_F.wav,"walking, footstep, foley, organic, field recording, running, grass, stone, dirt, heavy light, boots, shoes, single, one shot",Footsteps,Fantasy,Fantasy Game,00:00.299,Epic Stock Media,24,96000,2,"Brian Fairbanks, Epic Stock Media",Fantasy Game Footstep Dirt Light,https://epicstockmedia.com,"Brain Fairbanks, Gregory Mcmanus, Epic Stock Media",All files are Copyright Epic Stock Media - All Rights Reserved © 2021 Epic Stock Media
Fantasy_Game_Footstep_Dirt_Light_G.wav,"walking, footstep, foley, organic, field recording, running, grass, stone, dirt, heavy light, boots, shoes, single, one shot",Footsteps,Fantasy,Fantasy Game,00:00.365,Epic Stock Media,24,96000,2,"Brian Fairbanks, Epic Stock Media",Fantasy Game Footstep Dirt Light,https://epicstockmedia.com,"Brain Fairbanks, Gregory Mcmanus, Epic Stock Media",All files are Copyright Epic Stock Media - All Rights Reserved © 2021 Epic Stock Media
Fantasy_Game_Footstep_Dirt_Light_H.wav,"walking, footstep, foley, organic, field recording, running, grass, stone, dirt, heavy light, boots, shoes, single, one shot",Footsteps,Fantasy,Fantasy Game,00:00.345,Epic Stock Media,24,96000,2,"Brian Fairbanks, Epic Stock Media",Fantasy Game Footstep Dirt Light,https://epicstockmedia.com,"Brain Fairbanks, Gregory Mcmanus, Epic Stock Media",All files are Copyright Epic Stock Media - All Rights Reserved © 2021 Epic Stock Media
Fantasy_Game_Footstep_Dirt_Light_I.wav,"walking, footstep, foley, organic, field recording, running, grass, stone, dirt, heavy light, boots, shoes, single, one shot",Footsteps,Fantasy,Fantasy Game,00:00.241,Epic Stock Media,24,96000,2,"Brian Fairbanks, Epic Stock Media",Fantasy Game Footstep Dirt Light,https://epicstockmedia.com,"Brain Fairbanks, Gregory Mcmanus, Epic Stock Media",All files are Copyright Epic Stock Media - All Rights Reserved © 2021 Epic Stock Media
Fantasy_Game_Footstep_Dirt_Light_J.wav,"walking, footstep, foley, organic, field recording, running, grass, stone, dirt, heavy light, boots, shoes, single, one shot",Footsteps,Fantasy,Fantasy Game,00:00.256,Epic Stock Media,24,96000,2,"Brian Fairbanks, Epic Stock Media",Fantasy Game Footstep Dirt Light,https://epicstockmedia.com,"Brain Fairbanks, Gregory Mcmanus, Epic Stock Media",All files are Copyright Epic Stock Media - All Rights Reserved © 2021 Epic Stock Media
Fantasy_Game_Footstep_Dirt_Medium_A.wav,"walking, footstep, foley, organic, field recording, running, grass, stone, dirt, heavy light, boots, shoes, single, one shot",Footsteps,Fantasy,Fantasy Game,00:00.256,Epic Stock Media,24,96000,2,"Brian Fairbanks, Epic Stock Media",Fantasy Game Footstep Dirt Medium,https://epicstockmedia.com,"Brain Fairbanks, Gregory Mcmanus, Epic Stock Media",All files are Copyright Epic Stock Media - All Rights Reserved © 2021 Epic Stock Media
Fantasy_Game_Footstep_Dirt_Medium_B.wav,"walking, footstep, foley, organic, field recording, running, grass, stone, dirt, heavy light, boots, shoes, single, one shot",Footsteps,Fantasy,Fantasy Game,00:00.322,Epic Stock Media,24,96000,2,"Brian Fairbanks, Epic Stock Media",Fantasy Game Footstep Dirt Medium,https://epicstockmedia.com,"Brain Fairbanks, Gregory Mcmanus, Epic Stock Media",All files are Copyright Epic Stock Media - All Rights Reserved © 2021 Epic Stock Media
Fantasy_Game_Footstep_Dirt_Medium_C.wav,"walking, footstep, foley, organic, field recording, running, grass, stone, dirt, heavy light, boots, shoes, single, one shot",Footsteps,Fantasy,Fantasy Game,00:00.302,Epic Stock Media,24,96000,2,"Brian Fairbanks, Epic Stock Media",Fantasy Game Footstep Dirt Medium,https://epicstockmedia.com,"Brain Fairbanks, Gregory Mcmanus, Epic Stock Media",All files are Copyright Epic Stock Media - All Rights Reserved © 2021 Epic Stock Media
Fantasy_Game_Footstep_Dirt_Medium_D.wav,"walking, footstep, foley, organic, field recording, running, grass, stone, dirt, heavy light, boots, shoes, single, one shot",Footsteps,Fantasy,Fantasy Game,00:00.250,Epic Stock Media,24,96000,2,"Brian Fairbanks, Epic Stock Media",Fantasy Game Footstep Dirt Medium,https://epicstockmedia.com,"Brain Fairbanks, Gregory Mcmanus, Epic Stock Media",All files are Copyright Epic Stock Media - All Rights Reserved © 2021 Epic Stock Media
Fantasy_Game_Footstep_Dirt_Medium_E.wav,"walking, footstep, foley, organic, field recording, running, grass, stone, dirt, heavy light, boots, shoes, single, one shot",Footsteps,Fantasy,Fantasy Game,00:00.250,Epic Stock Media,24,96000,2,"Brian Fairbanks, Epic Stock Media",Fantasy Game Footstep Dirt Medium,https://epicstockmedia.com,"Brain Fairbanks, Gregory Mcmanus, Epic Stock Media",All files are Copyright Epic Stock Media - All Rights Reserved © 2021 Epic Stock Media
Fantasy_Game_Footstep_Dirt_Medium_F.wav,"walking, footstep, foley, organic, field recording, running, grass, stone, dirt, heavy light, boots, shoes, single, one shot",Footsteps,Fantasy,Fantasy Game,00:00.310,Epic Stock Media,24,96000,2,"Brian Fairbanks, Epic Stock Media",Fantasy Game Footstep Dirt Medium,https://epicstockmedia.com,"Brain Fairbanks, Gregory Mcmanus, Epic Stock Media",All files are Copyright Epic Stock Media - All Rights Reserved © 2021 Epic Stock Media
Fantasy_Game_Footstep_Dirt_Medium_G.wav,"walking, footstep, foley, organic, field recording, running, grass, stone, dirt, heavy light, boots, shoes, single, one shot",Footsteps,Fantasy,Fantasy Game,00:00.299,Epic Stock Media,24,96000,2,"Brian Fairbanks, Epic Stock Media",Fantasy Game Footstep Dirt Medium,https://epicstockmedia.com,"Brain Fairbanks, Gregory Mcmanus, Epic Stock Media",All files are Copyright Epic Stock Media - All Rights Reserved © 2021 Epic Stock Media
Fantasy_Game_Footstep_Dirt_Medium_H.wav,"walking, footstep, foley, organic, field recording, running, grass, stone, dirt, heavy light, boots, shoes, single, one shot",Footsteps,Fantasy,Fantasy Game,00:00.365,Epic Stock Media,24,96000,2,"Brian Fairbanks, Epic Stock Media",Fantasy Game Footstep Dirt Medium,https://epicstockmedia.com,"Brain Fairbanks, Gregory Mcmanus, Epic Stock Media",All files are Copyright Epic Stock Media - All Rights Reserved © 2021 Epic Stock Media
Fantasy_Game_Footstep_Dirt_Medium_I.wav,"walking, footstep, foley, organic, field recording, running, grass, stone, dirt, heavy light, boots, shoes, single, one shot",Footsteps,Fantasy,Fantasy Game,00:00.345,Epic Stock Media,24,96000,2,"Brian Fairbanks, Epic Stock Media",Fantasy Game Footstep Dirt Medium,https://epicstockmedia.com,"Brain Fairbanks, Gregory Mcmanus, Epic Stock Media",All files are Copyright Epic Stock Media - All Rights Reserved © 2021 Epic Stock Media
Fantasy_Game_Footstep_Dirt_Medium_J.wav,"walking, footstep, foley, organic, field recording, running, grass, stone, dirt, heavy light, boots, shoes, single, one shot",Footsteps,Fantasy,Fantasy Game,00:00.241,Epic Stock Media,24,96000,2,"Brian Fairbanks, Epic Stock Media",Fantasy Game Footstep Dirt Medium,https://epicstockmedia.com,"Brain Fairbanks, Gregory Mcmanus, Epic Stock Media",All files are Copyright Epic Stock Media - All Rights Reserved © 2021 Epic Stock Media
Fantasy_Game_Footstep_Grass_Heavy_A.wav,"walking, footstep, foley, organic, field recording, running, grass, stone, dirt, heavy light, boots, shoes, single, one shot",Footsteps,Fantasy,Fantasy Game,00:00.625,Epic Stock Media,24,96000,2,"Brian Fairbanks, Epic Stock Media",Fantasy Game Footstep Grass Heavy,https://epicstockmedia.com,"Brain Fairbanks, Gregory Mcmanus, Epic Stock Media",All files are Copyright Epic Stock Media - All Rights Reserved © 2021 Epic Stock Media
Fantasy_Game_Footstep_Grass_Heavy_B.wav,"walking, footstep, foley, organic, field recording, running, grass, stone, dirt, heavy light, boots, shoes, single, one shot",Footsteps,Fantasy,Fantasy Game,00:00.625,Epic Stock Media,24,96000,2,"Brian Fairbanks, Epic Stock Media",Fantasy Game Footstep Grass Heavy,https://epicstockmedia.com,"Brain Fairbanks, Gregory Mcmanus, Epic Stock Media",All files are Copyright Epic Stock Media - All Rights Reserved © 2021 Epic Stock Media
Fantasy_Game_Footstep_Grass_Heavy_C.wav,"walking, footstep, foley, organic, field recording, running, grass, stone, dirt, heavy light, boots, shoes, single, one shot",Footsteps,Fantasy,Fantasy Game,00:00.625,Epic Stock Media,24,96000,2,"Brian Fairbanks, Epic Stock Media",Fantasy Game Footstep Grass Heavy,https://epicstockmedia.com,"Brain Fairbanks, Gregory Mcmanus, Epic Stock Media",All files are Copyright Epic Stock Media - All Rights Reserved © 2021 Epic Stock Media
Fantasy_Game_Footstep_Grass_Heavy_D.wav,"walking, footstep, foley, organic, field recording, running, grass, stone, dirt, heavy light, boots, shoes, single, one shot",Footsteps,Fantasy,Fantasy Game,00:00.625,Epic Stock Media,24,96000,2,"Brian Fairbanks, Epic Stock Media",Fantasy Game Footstep Grass Heavy,https://epicstockmedia.com,"Brain Fairbanks, Gregory Mcmanus, Epic Stock Media",All files are Copyright Epic Stock Media - All Rights Reserved © 2021 Epic Stock Media
Fantasy_Game_Footstep_Grass_Heavy_E.wav,"walking, footstep, foley, organic, field recording, running, grass, stone, dirt, heavy light, boots, shoes, single, one shot",Footsteps,Fantasy,Fantasy Game,00:00.625,Epic Stock Media,24,96000,2,"Brian Fairbanks, Epic Stock Media",Fantasy Game Footstep Grass Heavy,https://epicstockmedia.com,"Brain Fairbanks, Gregory Mcmanus, Epic Stock Media",All files are Copyright Epic Stock Media - All Rights Reserved © 2021 Epic Stock Media
Fantasy_Game_Footstep_Grass_Heavy_F.wav,"walking, footstep, foley, organic, field recording, running, grass, stone, dirt, heavy light, boots, shoes, single, one shot",Footsteps,Fantasy,Fantasy Game,00:00.625,Epic Stock Media,24,96000,2,"Brian Fairbanks, Epic Stock Media",Fantasy Game Footstep Grass Heavy,https://epicstockmedia.com,"Brain Fairbanks, Gregory Mcmanus, Epic Stock Media",All files are Copyright Epic Stock Media - All Rights Reserved © 2021 Epic Stock Media
Fantasy_Game_Footstep_Grass_Heavy_G.wav,"walking, footstep, foley, organic, field recording, running, grass, stone, dirt, heavy light, boots, shoes, single, one shot",Footsteps,Fantasy,Fantasy Game,00:00.625,Epic Stock Media,24,96000,2,"Brian Fairbanks, Epic Stock Media",Fantasy Game Footstep Grass Heavy,https://epicstockmedia.com,"Brain Fairbanks, Gregory Mcmanus, Epic Stock Media",All files are Copyright Epic Stock Media - All Rights Reserved © 2021 Epic Stock Media
Fantasy_Game_Footstep_Grass_Heavy_H.wav,"walking, footstep, foley, organic, field recording, running, grass, stone, dirt, heavy light, boots, shoes, single, one shot",Footsteps,Fantasy,Fantasy Game,00:00.625,Epic Stock Media,24,96000,2,"Brian Fairbanks, Epic Stock Media",Fantasy Game Footstep Grass Heavy,https://epicstockmedia.com,"Brain Fairbanks, Gregory Mcmanus, Epic Stock Media",All files are Copyright Epic Stock Media - All Rights Reserved © 2021 Epic Stock Media
Fantasy_Game_Footstep_Grass_Light_A.wav,"walking, footstep, foley, organic, field recording, running, grass, stone, dirt, heavy light, boots, shoes, single, one shot",Footsteps,Fantasy,Fantasy Game,00:00.518,Epic Stock Media,24,96000,2,"Brian Fairbanks, Epic Stock Media",Fantasy Game Footstep Grass Light,https://epicstockmedia.com,"Brain Fairbanks, Gregory Mcmanus, Epic Stock Media",All files are Copyright Epic Stock Media - All Rights Reserved © 2021 Epic Stock Media
Fantasy_Game_Footstep_Grass_Light_B.wav,"walking, footstep, foley, organic, field recording, running, grass, stone, dirt, heavy light, boots, shoes, single, one shot",Footsteps,Fantasy,Fantasy Game,00:00.843,Epic Stock Media,24,96000,2,"Brian Fairbanks, Epic Stock Media",Fantasy Game Footstep Grass Light,https://epicstockmedia.com,"Brain Fairbanks, Gregory Mcmanus, Epic Stock Media",All files are Copyright Epic Stock Media - All Rights Reserved © 2021 Epic Stock Media
Fantasy_Game_Footstep_Grass_Light_C.wav,"walking, footstep, foley, organic, field recording, running, grass, stone, dirt, heavy light, boots, shoes, single, one shot",Footsteps,Fantasy,Fantasy Game,00:00.628,Epic Stock Media,24,96000,2,"Brian Fairbanks, Epic Stock Media",Fantasy Game Footstep Grass Light,https://epicstockmedia.com,"Brain Fairbanks, Gregory Mcmanus, Epic Stock Media",All files are Copyright Epic Stock Media - All Rights Reserved © 2021 Epic Stock Media
Fantasy_Game_Footstep_Grass_Light_D.wav,"walking, footstep, foley, organic, field recording, running, grass, stone, dirt, heavy light, boots, shoes, single, one shot",Footsteps,Fantasy,Fantasy Game,00:00.547,Epic Stock Media,24,96000,2,"Brian Fairbanks, Epic Stock Media",Fantasy Game Footstep Grass Light,https://epicstockmedia.com,"Brain Fairbanks, Gregory Mcmanus, Epic Stock Media",All files are Copyright Epic Stock Media - All Rights Reserved © 2021 Epic Stock Media
Fantasy_Game_Footstep_Grass_Light_E.wav,"walking, footstep, foley, organic, field recording, running, grass, stone, dirt, heavy light, boots, shoes, single, one shot",Footsteps,Fantasy,Fantasy Game,00:00.843,Epic Stock Media,24,96000,2,"Brian Fairbanks, Epic Stock Media",Fantasy Game Footstep Grass Light,https://epicstockmedia.com,"Brain Fairbanks, Gregory Mcmanus, Epic Stock Media",All files are Copyright Epic Stock Media - All Rights Reserved © 2021 Epic Stock Media
Fantasy_Game_Footstep_Grass_Light_F.wav,"walking, footstep, foley, organic, field recording, running, grass, stone, dirt, heavy light, boots, shoes, single, one shot",Footsteps,Fantasy,Fantasy Game,00:00.498,Epic Stock Media,24,96000,2,"Brian Fairbanks, Epic Stock Media",Fantasy Game Footstep Grass Light,https://epicstockmedia.com,"Brain Fairbanks, Gregory Mcmanus, Epic Stock Media",All files are Copyright Epic Stock Media - All Rights Reserved © 2021 Epic Stock Media
Fantasy_Game_Footstep_Grass_Light_G.wav,"walking, footstep, foley, organic, field recording, running, grass, stone, dirt, heavy light, boots, shoes, single, one shot",Footsteps,Fantasy,Fantasy Game,00:00.789,Epic Stock Media,24,96000,2,"Brian Fairbanks, Epic Stock Media",Fantasy Game Footstep Grass Light,https://epicstockmedia.com,"Brain Fairbanks, Gregory Mcmanus, Epic Stock Media",All files are Copyright Epic Stock Media - All Rights Reserved © 2021 Epic Stock Media
Fantasy_Game_Footstep_Grass_Light_H.wav,"walking, footstep, foley, organic, field recording, running, grass, stone, dirt, heavy light, boots, shoes, single, one shot",Footsteps,Fantasy,Fantasy Game,00:00.649,Epic Stock Media,24,96000,2,"Brian Fairbanks, Epic Stock Media",Fantasy Game Footstep Grass Light,https://epicstockmedia.com,"Brain Fairbanks, Gregory Mcmanus, Epic Stock Media",All files are Copyright Epic Stock Media - All Rights Reserved © 2021 Epic Stock Media
Fantasy_Game_Footstep_Grass_Light_I.wav,"walking, footstep, foley, organic, field recording, running, grass, stone, dirt, heavy light, boots, shoes, single, one shot",Footsteps,Fantasy,Fantasy Game,00:00.375,Epic Stock Media,24,96000,2,"Brian Fairbanks, Epic Stock Media",Fantasy Game Footstep Grass Light,https://epicstockmedia.com,"Brain Fairbanks, Gregory Mcmanus, Epic Stock Media",All files are Copyright Epic Stock Media - All Rights Reserved © 2021 Epic Stock Media
Fantasy_Game_Footstep_Grass_Light_J.wav,"walking, footstep, foley, organic, field recording, running, grass, stone, dirt, heavy light, boots, shoes, single, one shot",Footsteps,Fantasy,Fantasy Game,00:00.670,Epic Stock Media,24,96000,2,"Brian Fairbanks, Epic Stock Media",Fantasy Game Footstep Grass Light,https://epicstockmedia.com,"Brain Fairbanks, Gregory Mcmanus, Epic Stock Media",All files are Copyright Epic Stock Media - All Rights Reserved © 2021 Epic Stock Media
Fantasy_Game_Footstep_Grass_Medium_Av.wav,"walking, footstep, foley, organic, field recording, running, grass, stone, dirt, heavy light, boots, shoes, single, one shot",Footsteps,Fantasy,Fantasy Game,00:00.518,Epic Stock Media,24,96000,2,"Brian Fairbanks, Epic Stock Media",Fantasy Game Footstep Grass Medium Av,https://epicstockmedia.com,"Brain Fairbanks, Gregory Mcmanus, Epic Stock Media",All files are Copyright Epic Stock Media - All Rights Reserved © 2021 Epic Stock Media
Fantasy_Game_Footstep_Grass_Medium_B.wav,"walking, footstep, foley, organic, field recording, running, grass, stone, dirt, heavy light, boots, shoes, single, one shot",Footsteps,Fantasy,Fantasy Game,00:00.843,Epic Stock Media,24,96000,2,"Brian Fairbanks, Epic Stock Media",Fantasy Game Footstep Grass Medium,https://epicstockmedia.com,"Brain Fairbanks, Gregory Mcmanus, Epic Stock Media",All files are Copyright Epic Stock Media - All Rights Reserved © 2021 Epic Stock Media
Fantasy_Game_Footstep_Grass_Medium_C.wav,"walking, footstep, foley, organic, field recording, running, grass, stone, dirt, heavy light, boots, shoes, single, one shot",Footsteps,Fantasy,Fantasy Game,00:00.821,Epic Stock Media,24,96000,2,"Brian Fairbanks, Epic Stock Media",Fantasy Game Footstep Grass Medium,https://epicstockmedia.com,"Brain Fairbanks, Gregory Mcmanus, Epic Stock Media",All files are Copyright Epic Stock Media - All Rights Reserved © 2021 Epic Stock Media
Fantasy_Game_Footstep_Grass_Medium_D.wav,"walking, footstep, foley, organic, field recording, running, grass, stone, dirt, heavy light, boots, shoes, single, one shot",Footsteps,Fantasy,Fantasy Game,00:00.547,Epic Stock Media,24,96000,2,"Brian Fairbanks, Epic Stock Media",Fantasy Game Footstep Grass Medium,https://epicstockmedia.com,"Brain Fairbanks, Gregory Mcmanus, Epic Stock Media",All files are Copyright Epic Stock Media - All Rights Reserved © 2021 Epic Stock Media
Fantasy_Game_Footstep_Grass_Medium_E.wav,"walking, footstep, foley, organic, field recording, running, grass, stone, dirt, heavy light, boots, shoes, single, one shot",Footsteps,Fantasy,Fantasy Game,00:00.843,Epic Stock Media,24,96000,2,"Brian Fairbanks, Epic Stock Media",Fantasy Game Footstep Grass Medium,https://epicstockmedia.com,"Brain Fairbanks, Gregory Mcmanus, Epic Stock Media",All files are Copyright Epic Stock Media - All Rights Reserved © 2021 Epic Stock Media
Fantasy_Game_Footstep_Grass_Medium_F.wav,"walking, footstep, foley, organic, field recording, running, grass, stone, dirt, heavy light, boots, shoes, single, one shot",Footsteps,Fantasy,Fantasy Game,00:00.623,Epic Stock Media,24,96000,2,"Brian Fairbanks, Epic Stock Media",Fantasy Game Footstep Grass Medium,https://epicstockmedia.com,"Brain Fairbanks, Gregory Mcmanus, Epic Stock Media",All files are Copyright Epic Stock Media - All Rights Reserved © 2021 Epic Stock Media
Fantasy_Game_Footstep_Grass_Medium_G.wav,"walking, footstep, foley, organic, field recording, running, grass, stone, dirt, heavy light, boots, shoes, single, one shot",Footsteps,Fantasy,Fantasy Game,00:00.843,Epic Stock Media,24,96000,2,"Brian Fairbanks, Epic Stock Media",Fantasy Game Footstep Grass Medium,https://epicstockmedia.com,"Brain Fairbanks, Gregory Mcmanus, Epic Stock Media",All files are Copyright Epic Stock Media - All Rights Reserved © 2021 Epic Stock Media
Fantasy_Game_Footstep_Grass_Medium_H.wav,"walking, footstep, foley, organic, field recording, running, grass, stone, dirt, heavy light, boots, shoes, single, one shot",Footsteps,Fantasy,Fantasy Game,00:00.649,Epic Stock Media,24,96000,2,"Brian Fairbanks, Epic Stock Media",Fantasy Game Footstep Grass Medium,https://epicstockmedia.com,"Brain Fairbanks, Gregory Mcmanus, Epic Stock Media",All files are Copyright Epic Stock Media - All Rights Reserved © 2021 Epic Stock Media
Fantasy_Game_Footstep_Grass_Medium_I.wav,"walking, footstep, foley, organic, field recording, running, grass, stone, dirt, heavy light, boots, shoes, single, one shot",Footsteps,Fantasy,Fantasy Game,00:00.375,Epic Stock Media,24,96000,2,"Brian Fairbanks, Epic Stock Media",Fantasy Game Footstep Grass Medium,https://epicstockmedia.com,"Brain Fairbanks, Gregory Mcmanus, Epic Stock Media",All files are Copyright Epic Stock Media - All Rights Reserved © 2021 Epic Stock Media
Fantasy_Game_Footstep_Grass_Medium_J.wav,"walking, footstep, foley, organic, field recording, running, grass, stone, dirt, heavy light, boots, shoes, single, one shot",Footsteps,Fantasy,Fantasy Game,00:00.518,Epic Stock Media,24,96000,2,"Brian Fairbanks, Epic Stock Media",Fantasy Game Footstep Grass Medium,https://epicstockmedia.com,"Brain Fairbanks, Gregory Mcmanus, Epic Stock Media",All files are Copyright Epic Stock Media - All Rights Reserved © 2021 Epic Stock Media
Fantasy_Game_Footstep_Grass_Medium_K.wav,"walking, footstep, foley, organic, field recording, running, grass, stone, dirt, heavy light, boots, shoes, single, one shot",Footsteps,Fantasy,Fantasy Game,00:00.549,Epic Stock Media,24,96000,2,"Brian Fairbanks, Epic Stock Media",Fantasy Game Footstep Grass Medium,https://epicstockmedia.com,"Brain Fairbanks, Gregory Mcmanus, Epic Stock Media",All files are Copyright Epic Stock Media - All Rights Reserved © 2021 Epic Stock Media
Fantasy_Game_Footstep_Stone_Heavy_A.wav,"walking, footstep, foley, organic, field recording, running, grass, stone, dirt, heavy light, boots, shoes, single, one shot",Footsteps,Fantasy,Fantasy Game,00:00.277,Epic Stock Media,24,96000,2,"Brian Fairbanks, Epic Stock Media",Fantasy Game Footstep Stone Heavy,https://epicstockmedia.com,"Brain Fairbanks, Gregory Mcmanus, Epic Stock Media",All files are Copyright Epic Stock Media - All Rights Reserved © 2021 Epic Stock Media
Fantasy_Game_Footstep_Stone_Heavy_B.wav,"walking, footstep, foley, organic, field recording, running, grass, stone, dirt, heavy light, boots, shoes, single, one shot",Footsteps,Fantasy,Fantasy Game,00:00.347,Epic Stock Media,24,96000,2,"Brian Fairbanks, Epic Stock Media",Fantasy Game Footstep Stone Heavy,https://epicstockmedia.com,"Brain Fairbanks, Gregory Mcmanus, Epic Stock Media",All files are Copyright Epic Stock Media - All Rights Reserved © 2021 Epic Stock Media
Fantasy_Game_Footstep_Stone_Heavy_C.wav,"walking, footstep, foley, organic, field recording, running, grass, stone, dirt, heavy light, boots, shoes, single, one shot",Footsteps,Fantasy,Fantasy Game,00:00.305,Epic Stock Media,24,96000,2,"Brian Fairbanks, Epic Stock Media",Fantasy Game Footstep Stone Heavy,https://epicstockmedia.com,"Brain Fairbanks, Gregory Mcmanus, Epic Stock Media",All files are Copyright Epic Stock Media - All Rights Reserved © 2021 Epic Stock Media
Fantasy_Game_Footstep_Stone_Heavy_D.wav,"walking, footstep, foley, organic, field recording, running, grass, stone, dirt, heavy light, boots, shoes, single, one shot",Footsteps,Fantasy,Fantasy Game,00:00.286,Epic Stock Media,24,96000,2,"Brian Fairbanks, Epic Stock Media",Fantasy Game Footstep Stone Heavy,https://epicstockmedia.com,"Brain Fairbanks, Gregory Mcmanus, Epic Stock Media",All files are Copyright Epic Stock Media - All Rights Reserved © 2021 Epic Stock Media
Fantasy_Game_Footstep_Stone_Heavy_E.wav,"walking, footstep, foley, organic, field recording, running, grass, stone, dirt, heavy light, boots, shoes, single, one shot",Footsteps,Fantasy,Fantasy Game,00:00.270,Epic Stock Media,24,96000,2,"Brian Fairbanks, Epic Stock Media",Fantasy Game Footstep Stone Heavy,https://epicstockmedia.com,"Brain Fairbanks, Gregory Mcmanus, Epic Stock Media",All files are Copyright Epic Stock Media - All Rights Reserved © 2021 Epic Stock Media
Fantasy_Game_Footstep_Stone_Heavy_F.wav,"walking, footstep, foley, organic, field recording, running, grass, stone, dirt, heavy light, boots, shoes, single, one shot",Footsteps,Fantasy,Fantasy Game,00:00.310,Epic Stock Media,24,96000,2,"Brian Fairbanks, Epic Stock Media",Fantasy Game Footstep Stone Heavy,https://epicstockmedia.com,"Brain Fairbanks, Gregory Mcmanus, Epic Stock Media",All files are Copyright Epic Stock Media - All Rights Reserved © 2021 Epic Stock Media
Fantasy_Game_Footstep_Stone_Heavy_G.wav,"walking, footstep, foley, organic, field recording, running, grass, stone, dirt, heavy light, boots, shoes, single, one shot",Footsteps,Fantasy,Fantasy Game,00:00.307,Epic Stock Media,24,96000,2,"Brian Fairbanks, Epic Stock Media",Fantasy Game Footstep Stone Heavy,https://epicstockmedia.com,"Brain Fairbanks, Gregory Mcmanus, Epic Stock Media",All files are Copyright Epic Stock Media - All Rights Reserved © 2021 Epic Stock Media
Fantasy_Game_Footstep_Stone_Heavy_H.wav,"walking, footstep, foley, organic, field recording, running, grass, stone, dirt, heavy light, boots, shoes, single, one shot",Footsteps,Fantasy,Fantasy Game,00:00.365,Epic Stock Media,24,96000,2,"Brian Fairbanks, Epic Stock Media",Fantasy Game Footstep Stone Heavy,https://epicstockmedia.com,"Brain Fairbanks, Gregory Mcmanus, Epic Stock Media",All files are Copyright Epic Stock Media - All Rights Reserved © 2021 Epic Stock Media
Fantasy_Game_Footstep_Stone_Heavy_I.wav,"walking, footstep, foley, organic, field recording, running, grass, stone, dirt, heavy light, boots, shoes, single, one shot",Footsteps,Fantasy,Fantasy Game,00:00.345,Epic Stock Media,24,96000,2,"Brian Fairbanks, Epic Stock Media",Fantasy Game Footstep Stone Heavy,https://epicstockmedia.com,"Brain Fairbanks, Gregory Mcmanus, Epic Stock Media",All files are Copyright Epic Stock Media - All Rights Reserved © 2021 Epic Stock Media
Fantasy_Game_Footstep_Stone_Heavy_J.wav,"walking, footstep, foley, organic, field recording, running, grass, stone, dirt, heavy light, boots, shoes, single, one shot",Footsteps,Fantasy,Fantasy Game,00:00.277,Epic Stock Media,24,96000,2,"Brian Fairbanks, Epic Stock Media",Fantasy Game Footstep Stone Heavy,https://epicstockmedia.com,"Brain Fairbanks, Gregory Mcmanus, Epic Stock Media",All files are Copyright Epic Stock Media - All Rights Reserved © 2021 Epic Stock Media
Fantasy_Game_Footstep_Stone_Light_A.wav,"walking, footstep, foley, organic, field recording, running, grass, stone, dirt, heavy light, boots, shoes, single, one shot",Footsteps,Fantasy,Fantasy Game,00:00.277,Epic Stock Media,24,96000,2,"Brian Fairbanks, Epic Stock Media",Fantasy Game Footstep Stone Light,https://epicstockmedia.com,"Brain Fairbanks, Gregory Mcmanus, Epic Stock Media",All files are Copyright Epic Stock Media - All Rights Reserved © 2021 Epic Stock Media
Fantasy_Game_Footstep_Stone_Light_B.wav,"walking, footstep, foley, organic, field recording, running, grass, stone, dirt, heavy light, boots, shoes, single, one shot",Footsteps,Fantasy,Fantasy Game,00:00.347,Epic Stock Media,24,96000,2,"Brian Fairbanks, Epic Stock Media",Fantasy Game Footstep Stone Light,https://epicstockmedia.com,"Brain Fairbanks, Gregory Mcmanus, Epic Stock Media",All files are Copyright Epic Stock Media - All Rights Reserved © 2021 Epic Stock Media
Fantasy_Game_Footstep_Stone_Light_C.wav,"walking, footstep, foley, organic, field recording, running, grass, stone, dirt, heavy light, boots, shoes, single, one shot",Footsteps,Fantasy,Fantasy Game,00:00.302,Epic Stock Media,24,96000,2,"Brian Fairbanks, Epic Stock Media",Fantasy Game Footstep Stone Light,https://epicstockmedia.com,"Brain Fairbanks, Gregory Mcmanus, Epic Stock Media",All files are Copyright Epic Stock Media - All Rights Reserved © 2021 Epic Stock Media
Fantasy_Game_Footstep_Stone_Light_D.wav,"walking, footstep, foley, organic, field recording, running, grass, stone, dirt, heavy light, boots, shoes, single, one shot",Footsteps,Fantasy,Fantasy Game,00:00.250,Epic Stock Media,24,96000,2,"Brian Fairbanks, Epic Stock Media",Fantasy Game Footstep Stone Light,https://epicstockmedia.com,"Brain Fairbanks, Gregory Mcmanus, Epic Stock Media",All files are Copyright Epic Stock Media - All Rights Reserved © 2021 Epic Stock Media
Fantasy_Game_Footstep_Stone_Light_E.wav,"walking, footstep, foley, organic, field recording, running, grass, stone, dirt, heavy light, boots, shoes, single, one shot",Footsteps,Fantasy,Fantasy Game,00:00.270,Epic Stock Media,24,96000,2,"Brian Fairbanks, Epic Stock Media",Fantasy Game Footstep Stone Light,https://epicstockmedia.com,"Brain Fairbanks, Gregory Mcmanus, Epic Stock Media",All files are Copyright Epic Stock Media - All Rights Reserved © 2021 Epic Stock Media
Fantasy_Game_Footstep_Stone_Light_F.wav,"walking, footstep, foley, organic, field recording, running, grass, stone, dirt, heavy light, boots, shoes, single, one shot",Footsteps,Fantasy,Fantasy Game,00:00.310,Epic Stock Media,24,96000,2,"Brian Fairbanks, Epic Stock Media",Fantasy Game Footstep Stone Light,https://epicstockmedia.com,"Brain Fairbanks, Gregory Mcmanus, Epic Stock Media",All files are Copyright Epic Stock Media - All Rights Reserved © 2021 Epic Stock Media
Fantasy_Game_Footstep_Stone_Light_G.wav,"walking, footstep, foley, organic, field recording, running, grass, stone, dirt, heavy light, boots, shoes, single, one shot",Footsteps,Fantasy,Fantasy Game,00:00.299,Epic Stock Media,24,96000,2,"Brian Fairbanks, Epic Stock Media",Fantasy Game Footstep Stone Light,https://epicstockmedia.com,"Brain Fairbanks, Gregory Mcmanus, Epic Stock Media",All files are Copyright Epic Stock Media - All Rights Reserved © 2021 Epic Stock Media
Fantasy_Game_Footstep_Stone_Light_H.wav,"walking, footstep, foley, organic, field recording, running, grass, stone, dirt, heavy light, boots, shoes, single, one shot",Footsteps,Fantasy,Fantasy Game,00:00.365,Epic Stock Media,24,96000,2,"Brian Fairbanks, Epic Stock Media",Fantasy Game Footstep Stone Light,https://epicstockmedia.com,"Brain Fairbanks, Gregory Mcmanus, Epic Stock Media",All files are Copyright Epic Stock Media - All Rights Reserved © 2021 Epic Stock Media
Fantasy_Game_Footstep_Stone_Light_I.wav,"walking, footstep, foley, organic, field recording, running, grass, stone, dirt, heavy light, boots, shoes, single, one shot",Footsteps,Fantasy,Fantasy Game,00:00.345,Epic Stock Media,24,96000,2,"Brian Fairbanks, Epic Stock Media",Fantasy Game Footstep Stone Light,https://epicstockmedia.com,"Brain Fairbanks, Gregory Mcmanus, Epic Stock Media",All files are Copyright Epic Stock Media - All Rights Reserved © 2021 Epic Stock Media
Fantasy_Game_Footstep_Stone_Light_J.wav,"walking, footstep, foley, organic, field recording, running, grass, stone, dirt, heavy light, boots, shoes, single, one shot",Footsteps,Fantasy,Fantasy Game,00:00.256,Epic Stock Media,24,96000,2,"Brian Fairbanks, Epic Stock Media",Fantasy Game Footstep Stone Light,https://epicstockmedia.com,"Brain Fairbanks, Gregory Mcmanus, Epic Stock Media",All files are Copyright Epic Stock Media - All Rights Reserved © 2021 Epic Stock Media
Fantasy_Game_Footstep_Stone_Medium_A.wav,"walking, footstep, foley, organic, field recording, running, grass, stone, dirt, heavy light, boots, shoes, single, one shot",Footsteps,Fantasy,Fantasy Game,00:00.256,Epic Stock Media,24,96000,2,"Brian Fairbanks, Epic Stock Media",Fantasy Game Footstep Stone Medium,https://epicstockmedia.com,"Brain Fairbanks, Gregory Mcmanus, Epic Stock Media",All files are Copyright Epic Stock Media - All Rights Reserved © 2021 Epic Stock Media
Fantasy_Game_Footstep_Stone_Medium_B.wav,"walking, footstep, foley, organic, field recording, running, grass, stone, dirt, heavy light, boots, shoes, single, one shot",Footsteps,Fantasy,Fantasy Game,00:00.322,Epic Stock Media,24,96000,2,"Brian Fairbanks, Epic Stock Media",Fantasy Game Footstep Stone Medium,https://epicstockmedia.com,"Brain Fairbanks, Gregory Mcmanus, Epic Stock Media",All files are Copyright Epic Stock Media - All Rights Reserved © 2021 Epic Stock Media
Fantasy_Game_Footstep_Stone_Medium_C.wav,"walking, footstep, foley, organic, field recording, running, grass, stone, dirt, heavy light, boots, shoes, single, one shot",Footsteps,Fantasy,Fantasy Game,00:00.302,Epic Stock Media,24,96000,2,"Brian Fairbanks, Epic Stock Media",Fantasy Game Footstep Stone Medium,https://epicstockmedia.com,"Brain Fairbanks, Gregory Mcmanus, Epic Stock Media",All files are Copyright Epic Stock Media - All Rights Reserved © 2021 Epic Stock Media
Fantasy_Game_Footstep_Stone_Medium_D.wav,"walking, footstep, foley, organic, field recording, running, grass, stone, dirt, heavy light, boots, shoes, single, one shot",Footsteps,Fantasy,Fantasy Game,00:00.250,Epic Stock Media,24,96000,2,"Brian Fairbanks, Epic Stock Media",Fantasy Game Footstep Stone Medium,https://epicstockmedia.com,"Brain Fairbanks, Gregory Mcmanus, Epic Stock Media",All files are Copyright Epic Stock Media - All Rights Reserved © 2021 Epic Stock Media
Fantasy_Game_Footstep_Stone_Medium_E.wav,"walking, footstep, foley, organic, field recording, running, grass, stone, dirt, heavy light, boots, shoes, single, one shot",Footsteps,Fantasy,Fantasy Game,00:00.250,Epic Stock Media,24,96000,2,"Brian Fairbanks, Epic Stock Media",Fantasy Game Footstep Stone Medium,https://epicstockmedia.com,"Brain Fairbanks, Gregory Mcmanus, Epic Stock Media",All files are Copyright Epic Stock Media - All Rights Reserved © 2021 Epic Stock Media
Fantasy_Game_Footstep_Stone_Medium_F.wav,"walking, footstep, foley, organic, field recording, running, grass, stone, dirt, heavy light, boots, shoes, single, one shot",Footsteps,Fantasy,Fantasy Game,00:00.310,Epic Stock Media,24,96000,2,"Brian Fairbanks, Epic Stock Media",Fantasy Game Footstep Stone Medium,https://epicstockmedia.com,"Brain Fairbanks, Gregory Mcmanus, Epic Stock Media",All files are Copyright Epic Stock Media - All Rights Reserved © 2021 Epic Stock Media
Fantasy_Game_Footstep_Stone_Medium_G.wav,"walking, footstep, foley, organic, field recording, running, grass, stone, dirt, heavy light, boots, shoes, single, one shot",Footsteps,Fantasy,Fantasy Game,00:00.299,Epic Stock Media,24,96000,2,"Brian Fairbanks, Epic Stock Media",Fantasy Game Footstep Stone Medium,https://epicstockmedia.com,"Brain Fairbanks, Gregory Mcmanus, Epic Stock Media",All files are Copyright Epic Stock Media - All Rights Reserved © 2021 Epic Stock Media
Fantasy_Game_Footstep_Stone_Medium_J.wav,"walking, footstep, foley, organic, field recording, running, grass, stone, dirt, heavy light, boots, shoes, single, one shot",Footsteps,Fantasy,Fantasy Game,00:00.308,Epic Stock Media,24,96000,2,"Brian Fairbanks, Epic Stock Media",Fantasy Game Footstep Stone Medium,https://epicstockmedia.com,"Brain Fairbanks, Gregory Mcmanus, Epic Stock Media",All files are Copyright Epic Stock Media - All Rights Reserved © 2021 Epic Stock Media
Fantasy_Game_Footstep_Water_1.wav,"walking, footstep, foley, organic, field recording, running, grass, stone, dirt, heavy light, boots, shoes, single, one shot",Footsteps,Fantasy,Fantasy Game,00:00.549,Epic Stock Media,24,96000,2,"Brian Fairbanks, Epic Stock Media",Fantasy Game Footsteps Water 1,https://epicstockmedia.com,"Brain Fairbanks, Gregory Mcmanus, Epic Stock Media",All files are Copyright Epic Stock Media - All Rights Reserved © 2021 Epic Stock Media
Fantasy_Game_Footstep_Water_2.wav,"walking, footstep, foley, organic, field recording, running, grass, stone, dirt, heavy light, boots, shoes, single, one shot",Footsteps,Fantasy,Fantasy Game,00:00.598,Epic Stock Media,24,96000,2,"Brian Fairbanks, Epic Stock Media",Fantasy Game Footsteps Water 2,https://epicstockmedia.com,"Brain Fairbanks, Gregory Mcmanus, Epic Stock Media",All files are Copyright Epic Stock Media - All Rights Reserved © 2021 Epic Stock Media
Fantasy_Game_Footstep_Water_3.wav,"walking, footstep, foley, organic, field recording, running, grass, stone, dirt, heavy light, boots, shoes, single, one shot",Footsteps,Fantasy,Fantasy Game,00:00.511,Epic Stock Media,24,96000,2,"Brian Fairbanks, Epic Stock Media",Fantasy Game Footsteps Water 3,https://epicstockmedia.com,"Brain Fairbanks, Gregory Mcmanus, Epic Stock Media",All files are Copyright Epic Stock Media - All Rights Reserved © 2021 Epic Stock Media
Fantasy_Game_Footstep_Water_4.wav,"walking, footstep, foley, organic, field recording, running, grass, stone, dirt, heavy light, boots, shoes, single, one shot",Footsteps,Fantasy,Fantasy Game,00:00.603,Epic Stock Media,24,96000,2,"Brian Fairbanks, Epic Stock Media",Fantasy Game Footsteps Water 4,https://epicstockmedia.com,"Brain Fairbanks, Gregory Mcmanus, Epic Stock Media",All files are Copyright Epic Stock Media - All Rights Reserved © 2021 Epic Stock Media
Fantasy_Game_Item_Collect_Dark_Magic_A.wav,"items, inventory, pick up, placement, slot, collect, grab, material, touch, fantasy, ancient",Items,Fantasy,Fantasy Game,00:02.422,Epic Stock Media,24,96000,2,"Brian Fairbanks, Epic Stock Media",Fantasy Game Item Collect Dark Magic,https://epicstockmedia.com,"Brain Fairbanks, Gregory Mcmanus, Epic Stock Media",All files are Copyright Epic Stock Media - All Rights Reserved © 2021 Epic Stock Media
Fantasy_Game_Item_Collect_Dark_Magic_B.wav,"items, inventory, pick up, placement, slot, collect, grab, material, touch, fantasy, ancient",Items,Fantasy,Fantasy Game,00:02.906,Epic Stock Media,24,96000,2,"Brian Fairbanks, Epic Stock Media",Fantasy Game Item Collect Dark Magic,https://epicstockmedia.com,"Brain Fairbanks, Gregory Mcmanus, Epic Stock Media",All files are Copyright Epic Stock Media - All Rights Reserved © 2021 Epic Stock Media
Fantasy_Game_Item_Collect_Dark_Magic_C.wav,"items, inventory, pick up, placement, slot, collect, grab, material, touch, fantasy, ancient",Items,Fantasy,Fantasy Game,00:02.266,Epic Stock Media,24,96000,2,"Brian Fairbanks, Epic Stock Media",Fantasy Game Item Collect Dark Magic,https://epicstockmedia.com,"Brain Fairbanks, Gregory Mcmanus, Epic Stock Media",All files are Copyright Epic Stock Media - All Rights Reserved © 2021 Epic Stock Media
Fantasy_Game_Item_Collect_Dark_Magic_D.wav,"items, inventory, pick up, placement, slot, collect, grab, material, touch, fantasy, ancient",Items,Fantasy,Fantasy Game,00:04.091,Epic Stock Media,24,96000,2,"Brian Fairbanks, Epic Stock Media",Fantasy Game Item Collect Dark Magic,https://epicstockmedia.com,"Brain Fairbanks, Gregory Mcmanus, Epic Stock Media",All files are Copyright Epic Stock Media - All Rights Reserved © 2021 Epic Stock Media
Fantasy_Game_Item_Collect_Dark_Magic_E.wav,"items, inventory, pick up, placement, slot, collect, grab, material, touch, fantasy, ancient",Items,Fantasy,Fantasy Game,00:03.489,Epic Stock Media,24,96000,2,"Brian Fairbanks, Epic Stock Media",Fantasy Game Item Collect Dark Magic,https://epicstockmedia.com,"Brain Fairbanks, Gregory Mcmanus, Epic Stock Media",All files are Copyright Epic Stock Media - All Rights Reserved © 2021 Epic Stock Media
Fantasy_Game_Item_Collect_Dark_Magic_F.wav,"items, inventory, pick up, placement, slot, collect, grab, material, touch, fantasy, ancient",Items,Fantasy,Fantasy Game,00:02.613,Epic Stock Media,24,96000,2,"Brian Fairbanks, Epic Stock Media",Fantasy Game Item Collect Dark Magic,https://epicstockmedia.com,"Brain Fairbanks, Gregory Mcmanus, Epic Stock Media",All files are Copyright Epic Stock Media - All Rights Reserved © 2021 Epic Stock Media
Fantasy_Game_Item_Collect_Dark_Magic_G.wav,"items, inventory, pick up, placement, slot, collect, grab, material, touch, fantasy, ancient",Items,Fantasy,Fantasy Game,00:03.453,Epic Stock Media,24,96000,2,"Brian Fairbanks, Epic Stock Media",Fantasy Game Item Collect Dark Magic,https://epicstockmedia.com,"Brain Fairbanks, Gregory Mcmanus, Epic Stock Media",All files are Copyright Epic Stock Media - All Rights Reserved © 2021 Epic Stock Media
Fantasy_Game_Item_Collect_Dark_Magic_H.wav,"items, inventory, pick up, placement, slot, collect, grab, material, touch, fantasy, ancient",Items,Fantasy,Fantasy Game,00:03.605,Epic Stock Media,24,96000,2,"Brian Fairbanks, Epic Stock Media",Fantasy Game Item Collect Dark Magic,https://epicstockmedia.com,"Brain Fairbanks, Gregory Mcmanus, Epic Stock Media",All files are Copyright Epic Stock Media - All Rights Reserved © 2021 Epic Stock Media
Fantasy_Game_Item_Collect_Dark_Magic_I.wav,"items, inventory, pick up, placement, slot, collect, grab, material, touch, fantasy, ancient",Items,Fantasy,Fantasy Game,00:02.776,Epic Stock Media,24,96000,2,"Brian Fairbanks, Epic Stock Media",Fantasy Game Item Collect Dark Magic,https://epicstockmedia.com,"Brain Fairbanks, Gregory Mcmanus, Epic Stock Media",All files are Copyright Epic Stock Media - All Rights Reserved © 2021 Epic Stock Media
Fantasy_Game_Item_Collect_Dark_Magic_J.wav,"items, inventory, pick up, placement, slot, collect, grab, material, touch, fantasy, ancient",Items,Fantasy,Fantasy Game,00:03.711,Epic Stock Media,24,96000,2,"Brian Fairbanks, Epic Stock Media",Fantasy Game Item Collect Dark Magic,https://epicstockmedia.com,"Brain Fairbanks, Gregory Mcmanus, Epic Stock Media",All files are Copyright Epic Stock Media - All Rights Reserved © 2021 Epic Stock Media
Fantasy_Game_Item_Collect_Magic_A.wav,"items, inventory, pick up, placement, slot, collect, grab, material, touch, fantasy, ancient",Items,Fantasy,Fantasy Game,00:02.164,Epic Stock Media,24,96000,2,"Brian Fairbanks, Epic Stock Media",Fantasy Game Item Collect Magic,https://epicstockmedia.com,"Brain Fairbanks, Gregory Mcmanus, Epic Stock Media",All files are Copyright Epic Stock Media - All Rights Reserved © 2021 Epic Stock Media
Fantasy_Game_Item_Collect_Magic_B.wav,"items, inventory, pick up, placement, slot, collect, grab, material, touch, fantasy, ancient",Items,Fantasy,Fantasy Game,00:01.897,Epic Stock Media,24,96000,2,"Brian Fairbanks, Epic Stock Media",Fantasy Game Item Collect Magic,https://epicstockmedia.com,"Brain Fairbanks, Gregory Mcmanus, Epic Stock Media",All files are Copyright Epic Stock Media - All Rights Reserved © 2021 Epic Stock Media
Fantasy_Game_Item_Collect_Magic_C.wav,"items, inventory, pick up, placement, slot, collect, grab, material, touch, fantasy, ancient",Items,Fantasy,Fantasy Game,00:02.816,Epic Stock Media,24,96000,2,"Brian Fairbanks, Epic Stock Media",Fantasy Game Item Collect Magic,https://epicstockmedia.com,"Brain Fairbanks, Gregory Mcmanus, Epic Stock Media",All files are Copyright Epic Stock Media - All Rights Reserved © 2021 Epic Stock Media
Fantasy_Game_Item_Collect_Magic_D.wav,"items, inventory, pick up, placement, slot, collect, grab, material, touch, fantasy, ancient",Items,Fantasy,Fantasy Game,00:02.141,Epic Stock Media,24,96000,2,"Brian Fairbanks, Epic Stock Media",Fantasy Game Item Collect Magic,https://epicstockmedia.com,"Brain Fairbanks, Gregory Mcmanus, Epic Stock Media",All files are Copyright Epic Stock Media - All Rights Reserved © 2021 Epic Stock Media
Fantasy_Game_Item_Collect_Magic_E.wav,"items, inventory, pick up, placement, slot, collect, grab, material, touch, fantasy, ancient",Items,Fantasy,Fantasy Game,00:03.878,Epic Stock Media,24,96000,2,"Brian Fairbanks, Epic Stock Media",Fantasy Game Item Collect Magic,https://epicstockmedia.com,"Brain Fairbanks, Gregory Mcmanus, Epic Stock Media",All files are Copyright Epic Stock Media - All Rights Reserved © 2021 Epic Stock Media
Fantasy_Game_Item_Collect_Magic_F.wav,"items, inventory, pick up, placement, slot, collect, grab, material, touch, fantasy, ancient",Items,Fantasy,Fantasy Game,00:02.505,Epic Stock Media,24,96000,2,"Brian Fairbanks, Epic Stock Media",Fantasy Game Item Collect Magic,https://epicstockmedia.com,"Brain Fairbanks, Gregory Mcmanus, Epic Stock Media",All files are Copyright Epic Stock Media - All Rights Reserved © 2021 Epic Stock Media
Fantasy_Game_Item_Collect_Magic_G.wav,"items, inventory, pick up, placement, slot, collect, grab, material, touch, fantasy, ancient",Items,Fantasy,Fantasy Game,00:02.893,Epic Stock Media,24,96000,2,"Brian Fairbanks, Epic Stock Media",Fantasy Game Item Collect Magic,https://epicstockmedia.com,"Brain Fairbanks, Gregory Mcmanus, Epic Stock Media",All files are Copyright Epic Stock Media - All Rights Reserved © 2021 Epic Stock Media
Fantasy_Game_Item_Collect_Magic_H.wav,"items, inventory, pick up, placement, slot, collect, grab, material, touch, fantasy, ancient",Items,Fantasy,Fantasy Game,00:03.720,Epic Stock Media,24,96000,2,"Brian Fairbanks, Epic Stock Media",Fantasy Game Item Collect Magic,https://epicstockmedia.com,"Brain Fairbanks, Gregory Mcmanus, Epic Stock Media",All files are Copyright Epic Stock Media - All Rights Reserved © 2021 Epic Stock Media
Fantasy_Game_Item_Collect_Magic_I.wav,"items, inventory, pick up, placement, slot, collect, grab, material, touch, fantasy, ancient",Items,Fantasy,Fantasy Game,00:03.276,Epic Stock Media,24,96000,2,"Brian Fairbanks, Epic Stock Media",Fantasy Game Item Collect Magic,https://epicstockmedia.com,"Brain Fairbanks, Gregory Mcmanus, Epic Stock Media",All files are Copyright Epic Stock Media - All Rights Reserved © 2021 Epic Stock Media
Fantasy_Game_Item_Collect_Magic_J.wav,"items, inventory, pick up, placement, slot, collect, grab, material, touch, fantasy, ancient",Items,Fantasy,Fantasy Game,00:02.640,Epic Stock Media,24,96000,2,"Brian Fairbanks, Epic Stock Media",Fantasy Game Item Collect Magic,https://epicstockmedia.com,"Brain Fairbanks, Gregory Mcmanus, Epic Stock Media",All files are Copyright Epic Stock Media - All Rights Reserved © 2021 Epic Stock Media
Fantasy_Game_Item_Collect_Magic_K.wav,"items, inventory, pick up, placement, slot, collect, grab, material, touch, fantasy, ancient",Items,Fantasy,Fantasy Game,00:02.387,Epic Stock Media,24,96000,2,"Brian Fairbanks, Epic Stock Media",Fantasy Game Item Collect Magic,https://epicstockmedia.com,"Brain Fairbanks, Gregory Mcmanus, Epic Stock Media",All files are Copyright Epic Stock Media - All Rights Reserved © 2021 Epic Stock Media
Fantasy_Game_Item_Key_A.wav,"items, inventory, pick up, placement, slot, collect, grab, material, touch, fantasy, ancient",Items,Fantasy,Fantasy Game,00:00.344,Epic Stock Media,24,96000,2,"Brian Fairbanks, Epic Stock Media",Fantasy Game Item Key,https://epicstockmedia.com,"Brain Fairbanks, Gregory Mcmanus, Epic Stock Media",All files are Copyright Epic Stock Media - All Rights Reserved © 2021 Epic Stock Media
Fantasy_Game_Item_Key_B.wav,"items, inventory, pick up, placement, slot, collect, grab, material, touch, fantasy, ancient",Items,Fantasy,Fantasy Game,00:00.344,Epic Stock Media,24,96000,2,"Brian Fairbanks, Epic Stock Media",Fantasy Game Item Key,https://epicstockmedia.com,"Brain Fairbanks, Gregory Mcmanus, Epic Stock Media",All files are Copyright Epic Stock Media - All Rights Reserved © 2021 Epic Stock Media
Fantasy_Game_Item_Loading_Gear_Crafting_Table_or_Wagon.wav,"items, inventory, pick up, placement, slot, collect, grab, material, touch, fantasy, ancient",Items,Fantasy,Fantasy Game,00:01.416,Epic Stock Media,24,96000,2,"Brian Fairbanks, Epic Stock Media",Fantasy Game Loading Gear Crafting Table or Wagon,https://epicstockmedia.com,"Brain Fairbanks, Gregory Mcmanus, Epic Stock Media",All files are Copyright Epic Stock Media - All Rights Reserved © 2021 Epic Stock Media
Fantasy_Game_Item_Magic_Key_Pick_Up_1.wav,"items, inventory, pick up, placement, slot, collect, grab, material, touch, fantasy, ancient",Items,Fantasy,Fantasy Game,00:03.000,Epic Stock Media,24,96000,2,"Brian Fairbanks, Epic Stock Media",Fantasy Game Magic Key Pick Up 1,https://epicstockmedia.com,"Brain Fairbanks, Gregory Mcmanus, Epic Stock Media",All files are Copyright Epic Stock Media - All Rights Reserved © 2021 Epic Stock Media
Fantasy_Game_Item_Magic_Key_Pick_Up_2.wav,"items, inventory, pick up, placement, slot, collect, grab, material, touch, fantasy, ancient",Items,Fantasy,Fantasy Game,00:03.000,Epic Stock Media,24,96000,2,"Brian Fairbanks, Epic Stock Media",Fantasy Game Magic Key Pick Up 2,https://epicstockmedia.com,"Brain Fairbanks, Gregory Mcmanus, Epic Stock Media",All files are Copyright Epic Stock Media - All Rights Reserved © 2021 Epic Stock Media
Fantasy_Game_Item_Magic_Key_Pick_Up_3.wav,"items, inventory, pick up, placement, slot, collect, grab, material, touch, fantasy, ancient",Items,Fantasy,Fantasy Game,00:02.500,Epic Stock Media,24,96000,2,"Brian Fairbanks, Epic Stock Media",Fantasy Game Magic Key Pick Up 3,https://epicstockmedia.com,"Brain Fairbanks, Gregory Mcmanus, Epic Stock Media",All files are Copyright Epic Stock Media - All Rights Reserved © 2021 Epic Stock Media
Fantasy_Game_Item_Magic_Pickup.wav,"items, inventory, pick up, placement, slot, collect, grab, material, touch, fantasy, ancient",Items,Fantasy,Fantasy Game,00:03.000,Epic Stock Media,24,96000,2,"Brian Fairbanks, Epic Stock Media",Fantasy Game Item Magic Pickup,https://epicstockmedia.com,"Brain Fairbanks, Gregory Mcmanus, Epic Stock Media",All files are Copyright Epic Stock Media - All Rights Reserved © 2021 Epic Stock Media
Fantasy_Game_Item_Magic_Pickup_2.wav,"items, inventory, pick up, placement, slot, collect, grab, material, touch, fantasy, ancient",Items,Fantasy,Fantasy Game,00:04.000,Epic Stock Media,24,96000,2,"Brian Fairbanks, Epic Stock Media",Fantasy Game Item Magic Pickup 2,https://epicstockmedia.com,"Brain Fairbanks, Gregory Mcmanus, Epic Stock Media",All files are Copyright Epic Stock Media - All Rights Reserved © 2021 Epic Stock Media
Fantasy_Game_Item_Magic_Pickup_3.wav,"items, inventory, pick up, placement, slot, collect, grab, material, touch, fantasy, ancient",Items,Fantasy,Fantasy Game,00:03.500,Epic Stock Media,24,96000,2,"Brian Fairbanks, Epic Stock Media",Fantasy Game Item Magic Pickup 3,https://epicstockmedia.com,"Brain Fairbanks, Gregory Mcmanus, Epic Stock Media",All files are Copyright Epic Stock Media - All Rights Reserved © 2021 Epic Stock Media
Fantasy_Game_Item_Magic_Ring_Pickup_A.wav,"items, inventory, pick up, placement, slot, collect, grab, material, touch, fantasy, ancient",Items,Fantasy,Fantasy Game,00:02.552,Epic Stock Media,24,96000,2,"Brian Fairbanks, Epic Stock Media",Fantasy Game Magic Ring Pickup,https://epicstockmedia.com,"Brain Fairbanks, Gregory Mcmanus, Epic Stock Media",All files are Copyright Epic Stock Media - All Rights Reserved © 2021 Epic Stock Media
Fantasy_Game_Item_Magic_Ring_Pickup_B.wav,"items, inventory, pick up, placement, slot, collect, grab, material, touch, fantasy, ancient",Items,Fantasy,Fantasy Game,00:01.952,Epic Stock Media,24,96000,2,"Brian Fairbanks, Epic Stock Media",Fantasy Game Magic Ring Pickup,https://epicstockmedia.com,"Brain Fairbanks, Gregory Mcmanus, Epic Stock Media",All files are Copyright Epic Stock Media - All Rights Reserved © 2021 Epic Stock Media
Fantasy_Game_Item_Metal_Trap_A.wav,"items, inventory, pick up, placement, slot, collect, grab, material, touch, fantasy, ancient",Items,Fantasy,Fantasy Game,00:00.526,Epic Stock Media,24,96000,2,"Brian Fairbanks, Epic Stock Media",Fantasy Game Item Metal Trap,https://epicstockmedia.com,"Brain Fairbanks, Gregory Mcmanus, Epic Stock Media",All files are Copyright Epic Stock Media - All Rights Reserved © 2021 Epic Stock Media
Fantasy_Game_Item_Metal_Trap_B.wav,"items, inventory, pick up, placement, slot, collect, grab, material, touch, fantasy, ancient",Items,Fantasy,Fantasy Game,00:00.526,Epic Stock Media,24,96000,2,"Brian Fairbanks, Epic Stock Media",Fantasy Game Item Metal Trap,https://epicstockmedia.com,"Brain Fairbanks, Gregory Mcmanus, Epic Stock Media",All files are Copyright Epic Stock Media - All Rights Reserved © 2021 Epic Stock Media
Fantasy_Game_Item_Organic_Coin_Collect_A.wav,"items, inventory, pick up, placement, slot, collect, grab, material, touch, fantasy, ancient",Items,Fantasy,Fantasy Game,00:00.661,Epic Stock Media,24,96000,2,"Brian Fairbanks, Epic Stock Media",Fantasy Game Organic Coin Collect,https://epicstockmedia.com,"Brain Fairbanks, Gregory Mcmanus, Epic Stock Media",All files are Copyright Epic Stock Media - All Rights Reserved © 2021 Epic Stock Media
Fantasy_Game_Item_Organic_Coin_Collect_B.wav,"items, inventory, pick up, placement, slot, collect, grab, material, touch, fantasy, ancient",Items,Fantasy,Fantasy Game,00:00.983,Epic Stock Media,24,96000,2,"Brian Fairbanks, Epic Stock Media",Fantasy Game Organic Coin Collect,https://epicstockmedia.com,"Brain Fairbanks, Gregory Mcmanus, Epic Stock Media",All files are Copyright Epic Stock Media - All Rights Reserved © 2021 Epic Stock Media
Fantasy_Game_Item_Organic_Collect.wav,"items, inventory, pick up, placement, slot, collect, grab, material, touch, fantasy, ancient",Items,Fantasy,Fantasy Game,00:00.625,Epic Stock Media,24,96000,2,"Brian Fairbanks, Epic Stock Media",Fantasy Game Item Organic Collect,https://epicstockmedia.com,"Brain Fairbanks, Gregory Mcmanus, Epic Stock Media",All files are Copyright Epic Stock Media - All Rights Reserved © 2021 Epic Stock Media
Fantasy_Game_Item_Organic_Wet_Water_Pick_Up.wav,"items, inventory, pick up, placement, slot, collect, grab, material, touch, fantasy, ancient",Items,Fantasy,Fantasy Game,00:01.750,Epic Stock Media,24,96000,2,"Brian Fairbanks, Epic Stock Media",Fantasy Game Organic Item Wet Water Pick Up,https://epicstockmedia.com,"Brain Fairbanks, Gregory Mcmanus, Epic Stock Media",All files are Copyright Epic Stock Media - All Rights Reserved © 2021 Epic Stock Media
Fantasy_Game_Item_Organic_Wet_Water_Pick_Up_2.wav,"items, inventory, pick up, placement, slot, collect, grab, material, touch, fantasy, ancient",Items,Fantasy,Fantasy Game,00:01.500,Epic Stock Media,24,96000,2,"Brian Fairbanks, Epic Stock Media",Fantasy Game Organic Item Wet Water Pick Up 2,https://epicstockmedia.com,"Brain Fairbanks, Gregory Mcmanus, Epic Stock Media",All files are Copyright Epic Stock Media - All Rights Reserved © 2021 Epic Stock Media
Fantasy_Game_Item_Paper_Scroll_A.wav,"items, inventory, pick up, placement, slot, collect, grab, material, touch, fantasy, ancient",Items,Fantasy,Fantasy Game,00:01.229,Epic Stock Media,24,96000,2,"Brian Fairbanks, Epic Stock Media",Fantasy Game Item Paper Scroll,https://epicstockmedia.com,"Brain Fairbanks, Gregory Mcmanus, Epic Stock Media",All files are Copyright Epic Stock Media - All Rights Reserved © 2021 Epic Stock Media
Fantasy_Game_Item_Paper_Scroll_B.wav,"items, inventory, pick up, placement, slot, collect, grab, material, touch, fantasy, ancient",Items,Fantasy,Fantasy Game,00:00.874,Epic Stock Media,24,96000,2,"Brian Fairbanks, Epic Stock Media",Fantasy Game Item Paper Scroll,https://epicstockmedia.com,"Brain Fairbanks, Gregory Mcmanus, Epic Stock Media",All files are Copyright Epic Stock Media - All Rights Reserved © 2021 Epic Stock Media
Fantasy_Game_Item_Pick_Up_Cloth_Armor.wav,"items, inventory, pick up, placement, slot, collect, grab, material, touch, fantasy, ancient",Items,Fantasy,Fantasy Game,00:01.240,Epic Stock Media,24,96000,2,"Brian Fairbanks, Epic Stock Media",Fantasy Game Item Pick Up Cloth Armor,https://epicstockmedia.com,"Brain Fairbanks, Gregory Mcmanus, Epic Stock Media",All files are Copyright Epic Stock Media - All Rights Reserved © 2021 Epic Stock Media
Fantasy_Game_Item_Pick_Up_Magic_Metal_Armor.wav,"items, inventory, pick up, placement, slot, collect, grab, material, touch, fantasy, ancient",Items,Fantasy,Fantasy Game,00:01.659,Epic Stock Media,24,96000,2,"Brian Fairbanks, Epic Stock Media",Fantasy Game Item Pick Up Magic Metal Armor,https://epicstockmedia.com,"Brain Fairbanks, Gregory Mcmanus, Epic Stock Media",All files are Copyright Epic Stock Media - All Rights Reserved © 2021 Epic Stock Media
Fantasy_Game_Item_Pick_Up_Orb_Touch_1.wav,"items, inventory, pick up, placement, slot, collect, grab, material, touch, fantasy, ancient",Items,Fantasy,Fantasy Game,00:01.250,Epic Stock Media,24,96000,2,"Brian Fairbanks, Epic Stock Media",Fantasy Game Pick Up Orb Touch 1,https://epicstockmedia.com,"Brain Fairbanks, Gregory Mcmanus, Epic Stock Media",All files are Copyright Epic Stock Media - All Rights Reserved © 2021 Epic Stock Media
Fantasy_Game_Item_Pick_Up_Orb_Touch_2.wav,"items, inventory, pick up, placement, slot, collect, grab, material, touch, fantasy, ancient",Items,Fantasy,Fantasy Game,00:00.916,Epic Stock Media,24,96000,2,"Brian Fairbanks, Epic Stock Media",Fantasy Game Pick Up Orb Touch 2,https://epicstockmedia.com,"Brain Fairbanks, Gregory Mcmanus, Epic Stock Media",All files are Copyright Epic Stock Media - All Rights Reserved © 2021 Epic Stock Media
Fantasy_Game_Item_Pickup_Axe.wav,"items, inventory, pick up, placement, slot, collect, grab, material, touch, fantasy, ancient",Items,Fantasy,Fantasy Game,00:00.424,Epic Stock Media,24,96000,2,"Brian Fairbanks, Epic Stock Media",Fantasy Game Item Pickup Axe,https://epicstockmedia.com,"Brain Fairbanks, Gregory Mcmanus, Epic Stock Media",All files are Copyright Epic Stock Media - All Rights Reserved © 2021 Epic Stock Media
Fantasy_Game_Item_Pickup_Leather_Armor.wav,"items, inventory, pick up, placement, slot, collect, grab, material, touch, fantasy, ancient",Items,Fantasy,Fantasy Game,00:00.841,Epic Stock Media,24,96000,2,"Brian Fairbanks, Epic Stock Media",Fantasy Game Item Pickup Leather Armor,https://epicstockmedia.com,"Brain Fairbanks, Gregory Mcmanus, Epic Stock Media",All files are Copyright Epic Stock Media - All Rights Reserved © 2021 Epic Stock Media
Fantasy_Game_Item_Pickup_Mace.wav,"items, inventory, pick up, placement, slot, collect, grab, material, touch, fantasy, ancient",Items,Fantasy,Fantasy Game,00:00.613,Epic Stock Media,24,96000,2,"Brian Fairbanks, Epic Stock Media",Fantasy Game Item Pickup Mace,https://epicstockmedia.com,"Brain Fairbanks, Gregory Mcmanus, Epic Stock Media",All files are Copyright Epic Stock Media - All Rights Reserved © 2021 Epic Stock Media
Fantasy_Game_Item_Pickup_Maul.wav,"items, inventory, pick up, placement, slot, collect, grab, material, touch, fantasy, ancient",Items,Fantasy,Fantasy Game,00:00.793,Epic Stock Media,24,96000,2,"Brian Fairbanks, Epic Stock Media",Fantasy Game Item Pickup Maul,https://epicstockmedia.com,"Brain Fairbanks, Gregory Mcmanus, Epic Stock Media",All files are Copyright Epic Stock Media - All Rights Reserved © 2021 Epic Stock Media
Fantasy_Game_Item_Pickup_Metal_Armor.wav,"items, inventory, pick up, placement, slot, collect, grab, material, touch, fantasy, ancient",Items,Fantasy,Fantasy Game,00:00.973,Epic Stock Media,24,96000,2,"Brian Fairbanks, Epic Stock Media",Fantasy Game Item Pickup Metal Armor,https://epicstockmedia.com,"Brain Fairbanks, Gregory Mcmanus, Epic Stock Media",All files are Copyright Epic Stock Media - All Rights Reserved © 2021 Epic Stock Media
Fantasy_Game_Item_Pickup_Sword.wav,"items, inventory, pick up, placement, slot, collect, grab, material, touch, fantasy, ancient",Items,Fantasy,Fantasy Game,00:00.309,Epic Stock Media,24,96000,2,"Brian Fairbanks, Epic Stock Media",Fantasy Game Item Pickup Sword,https://epicstockmedia.com,"Brain Fairbanks, Gregory Mcmanus, Epic Stock Media",All files are Copyright Epic Stock Media - All Rights Reserved © 2021 Epic Stock Media
Fantasy_Game_Item_Potion_Bottles_A.wav,"items, inventory, pick up, placement, slot, collect, grab, material, touch, fantasy, ancient",Items,Fantasy,Fantasy Game,00:00.558,Epic Stock Media,24,96000,2,"Brian Fairbanks, Epic Stock Media",Fantasy Game Item Potion Bottles,https://epicstockmedia.com,"Brain Fairbanks, Gregory Mcmanus, Epic Stock Media",All files are Copyright Epic Stock Media - All Rights Reserved © 2021 Epic Stock Media
Fantasy_Game_Item_Potion_Bottles_B.wav,"items, inventory, pick up, placement, slot, collect, grab, material, touch, fantasy, ancient",Items,Fantasy,Fantasy Game,00:00.424,Epic Stock Media,24,96000,2,"Brian Fairbanks, Epic Stock Media",Fantasy Game Item Potion Bottles,https://epicstockmedia.com,"Brain Fairbanks, Gregory Mcmanus, Epic Stock Media",All files are Copyright Epic Stock Media - All Rights Reserved © 2021 Epic Stock Media
Fantasy_Game_Item_Ring_Pickup_A.wav,"items, inventory, pick up, placement, slot, collect, grab, material, touch, fantasy, ancient",Items,Fantasy,Fantasy Game,00:01.042,Epic Stock Media,24,96000,2,"Brian Fairbanks, Epic Stock Media",Fantasy Game Ring Pickup,https://epicstockmedia.com,"Brain Fairbanks, Gregory Mcmanus, Epic Stock Media",All files are Copyright Epic Stock Media - All Rights Reserved © 2021 Epic Stock Media
Fantasy_Game_Item_Ring_Pickup_B.wav,"items, inventory, pick up, placement, slot, collect, grab, material, touch, fantasy, ancient",Items,Fantasy,Fantasy Game,00:01.952,Epic Stock Media,24,96000,2,"Brian Fairbanks, Epic Stock Media",Fantasy Game Ring Pickup,https://epicstockmedia.com,"Brain Fairbanks, Gregory Mcmanus, Epic Stock Media",All files are Copyright Epic Stock Media - All Rights Reserved © 2021 Epic Stock Media
Fantasy_Game_Item_Totem_Scroll_C.wav,"items, inventory, pick up, placement, slot, collect, grab, material, touch, fantasy, ancient",Items,Fantasy,Fantasy Game,00:02.440,Epic Stock Media,24,96000,2,"Brian Fairbanks, Epic Stock Media",Fantasy Game Item Totem Scroll,https://epicstockmedia.com,"Brain Fairbanks, Gregory Mcmanus, Epic Stock Media",All files are Copyright Epic Stock Media - All Rights Reserved © 2021 Epic Stock Media
Fantasy_Game_Item_Totem_Scroll_D.wav,"items, inventory, pick up, placement, slot, collect, grab, material, touch, fantasy, ancient",Items,Fantasy,Fantasy Game,00:02.262,Epic Stock Media,24,96000,2,"Brian Fairbanks, Epic Stock Media",Fantasy Game Item Totem Scroll,https://epicstockmedia.com,"Brain Fairbanks, Gregory Mcmanus, Epic Stock Media",All files are Copyright Epic Stock Media - All Rights Reserved © 2021 Epic Stock Media
Fantasy_Game_Item_Totem_Scroll_E.wav,"items, inventory, pick up, placement, slot, collect, grab, material, touch, fantasy, ancient",Items,Fantasy,Fantasy Game,00:02.262,Epic Stock Media,24,96000,2,"Brian Fairbanks, Epic Stock Media",Fantasy Game Item Totem Scroll,https://epicstockmedia.com,"Brain Fairbanks, Gregory Mcmanus, Epic Stock Media",All files are Copyright Epic Stock Media - All Rights Reserved © 2021 Epic Stock Media
Fantasy_Game_Item_Water_Liquid_Material_Touch_1.wav,"items, inventory, pick up, placement, slot, collect, grab, material, touch, fantasy, ancient",Items,Fantasy,Fantasy Game,00:01.500,Epic Stock Media,24,96000,2,"Brian Fairbanks, Epic Stock Media",Fantasy Game Water Liquid Material Touch 1,https://epicstockmedia.com,"Brain Fairbanks, Gregory Mcmanus, Epic Stock Media",All files are Copyright Epic Stock Media - All Rights Reserved © 2021 Epic Stock Media
Fantasy_Game_Creatures_Earth Giant_1_Monster_Huge_Deep_Nature.wav,"monster, creature, voice, vocal, vocalization, growl, howl, roar, grunt, gurgle",Creature,Fantasy,Fantasy Game,00:04.203,Epic Stock Media,24,96000,2,"Brian Fairbanks, Epic Stock Media",Fantasy Game Creatures Earth Giant 1 Monster Huge Deep Nature,https://epicstockmedia.com,"Brain Fairbanks, Gregory Mcmanus, Epic Stock Media",All files are Copyright Epic Stock Media - All Rights Reserved © 2021 Epic Stock Media
Fantasy_Game_Creatures_Earth Giant_2_Monster_Huge_Deep_Nature.wav,"monster, creature, voice, vocal, vocalization, growl, howl, roar, grunt, gurgle",Creature,Fantasy,Fantasy Game,00:05.209,Epic Stock Media,24,96000,2,"Brian Fairbanks, Epic Stock Media",Fantasy Game Creatures Earth Giant 2 Monster Huge Deep Nature,https://epicstockmedia.com,"Brain Fairbanks, Gregory Mcmanus, Epic Stock Media",All files are Copyright Epic Stock Media - All Rights Reserved © 2021 Epic Stock Media
Fantasy_Game_Creatures_Earth Giant_3_Monster_Huge_Deep_Nature.wav,"monster, creature, voice, vocal, vocalization, growl, howl, roar, grunt, gurgle",Creature,Fantasy,Fantasy Game,00:04.770,Epic Stock Media,24,96000,2,"Brian Fairbanks, Epic Stock Media",Fantasy Game Creatures Earth Giant 3 Monster Huge Deep Nature,https://epicstockmedia.com,"Brain Fairbanks, Gregory Mcmanus, Epic Stock Media",All files are Copyright Epic Stock Media - All Rights Reserved © 2021 Epic Stock Media
Fantasy_Game_Creatures_Earth Giant_4_Monster_Huge_Deep_Nature.wav,"monster, creature, voice, vocal, vocalization, growl, howl, roar, grunt, gurgle",Creature,Fantasy,Fantasy Game,00:01.709,Epic Stock Media,24,96000,2,"Brian Fairbanks, Epic Stock Media",Fantasy Game Creatures Earth Giant 4 Monster Huge Deep Nature,https://epicstockmedia.com,"Brain Fairbanks, Gregory Mcmanus, Epic Stock Media",All files are Copyright Epic Stock Media - All Rights Reserved © 2021 Epic Stock Media
Fantasy_Game_Creatures_Earth Giant_5_Monster_Huge_Deep_Nature.wav,"monster, creature, voice, vocal, vocalization, growl, howl, roar, grunt, gurgle",Creature,Fantasy,Fantasy Game,00:01.716,Epic Stock Media,24,96000,2,"Brian Fairbanks, Epic Stock Media",Fantasy Game Creatures Earth Giant 5 Monster Huge Deep Nature,https://epicstockmedia.com,"Brain Fairbanks, Gregory Mcmanus, Epic Stock Media",All files are Copyright Epic Stock Media - All Rights Reserved © 2021 Epic Stock Media
Fantasy_Game_Creatures_Grimy_1_Monster_Loud_Slime_Nasty.wav,"monster, creature, voice, vocal, vocalization, growl, howl, roar, grunt, gurgle",Creature,Fantasy,Fantasy Game,00:01.043,Epic Stock Media,24,96000,2,"Brian Fairbanks, Epic Stock Media",Fantasy Game Creatures Grimy 1 Monster Loud Slime Nasty,https://epicstockmedia.com,"Brain Fairbanks, Gregory Mcmanus, Epic Stock Media",All files are Copyright Epic Stock Media - All Rights Reserved © 2021 Epic Stock Media
Fantasy_Game_Creatures_Grimy_2_Monster_Loud_Slime_Nasty.wav,"monster, creature, voice, vocal, vocalization, growl, howl, roar, grunt, gurgle",Creature,Fantasy,Fantasy Game,00:01.039,Epic Stock Media,24,96000,2,"Brian Fairbanks, Epic Stock Media",Fantasy Game Creatures Grimy 2 Monster Loud Slime Nasty,https://epicstockmedia.com,"Brain Fairbanks, Gregory Mcmanus, Epic Stock Media",All files are Copyright Epic Stock Media - All Rights Reserved © 2021 Epic Stock Media
Fantasy_Game_Creatures_Grimy_3_Monster_Loud_Slime_Nasty.wav,"monster, creature, voice, vocal, vocalization, growl, howl, roar, grunt, gurgle",Creature,Fantasy,Fantasy Game,00:01.036,Epic Stock Media,24,96000,2,"Brian Fairbanks, Epic Stock Media",Fantasy Game Creatures Grimy 3 Monster Loud Slime Nasty,https://epicstockmedia.com,"Brain Fairbanks, Gregory Mcmanus, Epic Stock Media",All files are Copyright Epic Stock Media - All Rights Reserved © 2021 Epic Stock Media
Fantasy_Game_Creatures_Grimy_4_Monster_Loud_Slime_Nasty.wav,"monster, creature, voice, vocal, vocalization, growl, howl, roar, grunt, gurgle",Creature,Fantasy,Fantasy Game,00:03.546,Epic Stock Media,24,96000,2,"Brian Fairbanks, Epic Stock Media",Fantasy Game Creatures Grimy 4 Monster Loud Slime Nasty,https://epicstockmedia.com,"Brain Fairbanks, Gregory Mcmanus, Epic Stock Media",All files are Copyright Epic Stock Media - All Rights Reserved © 2021 Epic Stock Media
Fantasy_Game_Creatures_Grimy_5_Monster_Loud_Slime_Nasty.wav,"monster, creature, voice, vocal, vocalization, growl, howl, roar, grunt, gurgle",Creature,Fantasy,Fantasy Game,00:01.985,Epic Stock Media,24,96000,2,"Brian Fairbanks, Epic Stock Media",Fantasy Game Creatures Grimy 5 Monster Loud Slime Nasty,https://epicstockmedia.com,"Brain Fairbanks, Gregory Mcmanus, Epic Stock Media",All files are Copyright Epic Stock Media - All Rights Reserved © 2021 Epic Stock Media
Fantasy_Game_Creatures_Grimy_6_Monster_Loud_Slime_Nasty.wav,"monster, creature, voice, vocal, vocalization, growl, howl, roar, grunt, gurgle",Creature,Fantasy,Fantasy Game,00:02.973,Epic Stock Media,24,96000,2,"Brian Fairbanks, Epic Stock Media",Fantasy Game Creatures Grimy 6 Monster Loud Slime Nasty,https://epicstockmedia.com,"Brain Fairbanks, Gregory Mcmanus, Epic Stock Media",All files are Copyright Epic Stock Media - All Rights Reserved © 2021 Epic Stock Media
Fantasy_Game_Creatures_Screecher_1_Monster_Loud_Harsh_Berserk.wav,"monster, creature, voice, vocal, vocalization, growl, howl, roar, grunt, gurgle",Creature,Fantasy,Fantasy Game,00:02.257,Epic Stock Media,24,96000,2,"Brian Fairbanks, Epic Stock Media",Fantasy Game Creatures Screecher 1 Monster Loud Harsh Berserk,https://epicstockmedia.com,"Brain Fairbanks, Gregory Mcmanus, Epic Stock Media",All files are Copyright Epic Stock Media - All Rights Reserved © 2021 Epic Stock Media
Fantasy_Game_Creatures_Screecher_2_Monster_Loud_Harsh_Berserk.wav,"monster, creature, voice, vocal, vocalization, growl, howl, roar, grunt, gurgle",Creature,Fantasy,Fantasy Game,00:02.544,Epic Stock Media,24,96000,2,"Brian Fairbanks, Epic Stock Media",Fantasy Game Creatures Screecher 2 Monster Loud Harsh Berserk,https://epicstockmedia.com,"Brain Fairbanks, Gregory Mcmanus, Epic Stock Media",All files are Copyright Epic Stock Media - All Rights Reserved © 2021 Epic Stock Media
Fantasy_Game_Creatures_Screecher_3_Monster_Loud_Harsh_Berserk.wav,"monster, creature, voice, vocal, vocalization, growl, howl, roar, grunt, gurgle",Creature,Fantasy,Fantasy Game,00:03.763,Epic Stock Media,24,96000,2,"Brian Fairbanks, Epic Stock Media",Fantasy Game Creatures Screecher 3 Monster Loud Harsh Berserk,https://epicstockmedia.com,"Brain Fairbanks, Gregory Mcmanus, Epic Stock Media",All files are Copyright Epic Stock Media - All Rights Reserved © 2021 Epic Stock Media
Fantasy_Game_Creatures_Screecher_4_Monster_Loud_Harsh_Berserk.wav,"monster, creature, voice, vocal, vocalization, growl, howl, roar, grunt, gurgle",Creature,Fantasy,Fantasy Game,00:03.499,Epic Stock Media,24,96000,2,"Brian Fairbanks, Epic Stock Media",Fantasy Game Creatures Screecher 4 Monster Loud Harsh Berserk,https://epicstockmedia.com,"Brain Fairbanks, Gregory Mcmanus, Epic Stock Media",All files are Copyright Epic Stock Media - All Rights Reserved © 2021 Epic Stock Media
Fantasy_Game_Creatures_Screecher_5_Monster_Loud_Harsh_Berserk.wav,"monster, creature, voice, vocal, vocalization, growl, howl, roar, grunt, gurgle",Creature,Fantasy,Fantasy Game,00:03.570,Epic Stock Media,24,96000,2,"Brian Fairbanks, Epic Stock Media",Fantasy Game Creatures Screecher 5 Monster Loud Harsh Berserk,https://epicstockmedia.com,"Brain Fairbanks, Gregory Mcmanus, Epic Stock Media",All files are Copyright Epic Stock Media - All Rights Reserved © 2021 Epic Stock Media
Fantasy_Game_Creatures_Screecher_6_Monster_Loud_Harsh_Berserk.wav,"monster, creature, voice, vocal, vocalization, growl, howl, roar, grunt, gurgle",Creature,Fantasy,Fantasy Game,00:04.203,Epic Stock Media,24,96000,2,"Brian Fairbanks, Epic Stock Media",Fantasy Game Creatures Screecher 6 Monster Loud Harsh Berserk,https://epicstockmedia.com,"Brain Fairbanks, Gregory Mcmanus, Epic Stock Media",All files are Copyright Epic Stock Media - All Rights Reserved © 2021 Epic Stock Media
Fantasy_Game_Creatures_Vomiter_1_Monster_Spit_Gross_Ranged.wav,"monster, creature, voice, vocal, vocalization, growl, howl, roar, grunt, gurgle",Creature,Fantasy,Fantasy Game,00:01.500,Epic Stock Media,24,96000,2,"Brian Fairbanks, Epic Stock Media",Fantasy Game Creatures Vomiter 1 Monster Spit Gross Ranged,https://epicstockmedia.com,"Brain Fairbanks, Gregory Mcmanus, Epic Stock Media",All files are Copyright Epic Stock Media - All Rights Reserved © 2021 Epic Stock Media
Fantasy_Game_Creatures_Vomiter_2_Monster_Spit_Gross_Ranged.wav,"monster, creature, voice, vocal, vocalization, growl, howl, roar, grunt, gurgle",Creature,Fantasy,Fantasy Game,00:01.500,Epic Stock Media,24,96000,2,"Brian Fairbanks, Epic Stock Media",Fantasy Game Creatures Vomiter 2 Monster Spit Gross Ranged,https://epicstockmedia.com,"Brain Fairbanks, Gregory Mcmanus, Epic Stock Media",All files are Copyright Epic Stock Media - All Rights Reserved © 2021 Epic Stock Media
Fantasy_Game_Creatures_Vomiter_3_Monster_Spit_Gross_Ranged.wav,"monster, creature, voice, vocal, vocalization, growl, howl, roar, grunt, gurgle",Creature,Fantasy,Fantasy Game,00:01.500,Epic Stock Media,24,96000,2,"Brian Fairbanks, Epic Stock Media",Fantasy Game Creatures Vomiter 3 Monster Spit Gross Ranged,https://epicstockmedia.com,"Brain Fairbanks, Gregory Mcmanus, Epic Stock Media",All files are Copyright Epic Stock Media - All Rights Reserved © 2021 Epic Stock Media
Fantasy_Game_Creatures_Vomiter_4_Monster_Spit_Gross_Ranged.wav,"monster, creature, voice, vocal, vocalization, growl, howl, roar, grunt, gurgle",Creature,Fantasy,Fantasy Game,00:01.272,Epic Stock Media,24,96000,2,"Brian Fairbanks, Epic Stock Media",Fantasy Game Creatures Vomiter 4 Monster Spit Gross Ranged,https://epicstockmedia.com,"Brain Fairbanks, Gregory Mcmanus, Epic Stock Media",All files are Copyright Epic Stock Media - All Rights Reserved © 2021 Epic Stock Media
Fantasy_Game_Creatures_Vomiter_5_Monster_Spit_Gross_Ranged.wav,"monster, creature, voice, vocal, vocalization, growl, howl, roar, grunt, gurgle",Creature,Fantasy,Fantasy Game,00:01.000,Epic Stock Media,24,96000,2,"Brian Fairbanks, Epic Stock Media",Fantasy Game Creatures Vomiter 5 Monster Spit Gross Ranged,https://epicstockmedia.com,"Brain Fairbanks, Gregory Mcmanus, Epic Stock Media",All files are Copyright Epic Stock Media - All Rights Reserved © 2021 Epic Stock Media
Fantasy_Game_Creatures_Vomiter_6_Monster_Spit_Gross_Ranged.wav,"monster, creature, voice, vocal, vocalization, growl, howl, roar, grunt, gurgle",Creature,Fantasy,Fantasy Game,00:01.000,Epic Stock Media,24,96000,2,"Brian Fairbanks, Epic Stock Media",Fantasy Game Creatures Vomiter 6 Monster Spit Gross Ranged,https://epicstockmedia.com,"Brain Fairbanks, Gregory Mcmanus, Epic Stock Media",All files are Copyright Epic Stock Media - All Rights Reserved © 2021 Epic Stock Media
Fantasy_Game_Creatures_Vomiter_7_Monster_Spit_Gross_Ranged.wav,"monster, creature, voice, vocal, vocalization, growl, howl, roar, grunt, gurgle",Creature,Fantasy,Fantasy Game,00:01.000,Epic Stock Media,24,96000,2,"Brian Fairbanks, Epic Stock Media",Fantasy Game Creatures Vomiter 7 Monster Spit Gross Ranged,https://epicstockmedia.com,"Brain Fairbanks, Gregory Mcmanus, Epic Stock Media",All files are Copyright Epic Stock Media - All Rights Reserved © 2021 Epic Stock Media
Fantasy_Game_Loops_Acid Pool_1_Sizzle_Liquid_Danger_Hazard.wav,"ambience, loop, looping, loopable, soundscape, environment, ambient, background, nature, instrumental,",Ambience,Fantasy,Fantasy Game,00:11.000,Epic Stock Media,24,96000,2,"Brian Fairbanks, Epic Stock Media",Fantasy Game Loops Acid Pool 1 Sizzle Liquid Danger Hazard,https://epicstockmedia.com,"Brain Fairbanks, Gregory Mcmanus, Epic Stock Media",All files are Copyright Epic Stock Media - All Rights Reserved © 2021 Epic Stock Media
Fantasy_Game_Loops_Acid Pool_2_Sizzle_Liquid_Danger_Hazard.wav,"ambience, loop, looping, loopable, soundscape, environment, ambient, background, nature, instrumental,",Ambience,Fantasy,Fantasy Game,00:15.000,Epic Stock Media,24,96000,2,"Brian Fairbanks, Epic Stock Media",Fantasy Game Loops Acid Pool 2 Sizzle Liquid Danger Hazard,https://epicstockmedia.com,"Brain Fairbanks, Gregory Mcmanus, Epic Stock Media",All files are Copyright Epic Stock Media - All Rights Reserved © 2021 Epic Stock Media
Fantasy_Game_Loops_Crystal_1_Dark_Hum_Ambience_Magical.wav,"ambience, loop, looping, loopable, soundscape, environment, ambient, background, nature, instrumental,",Ambience,Fantasy,Fantasy Game,00:13.000,Epic Stock Media,24,96000,2,"Brian Fairbanks, Epic Stock Media",Fantasy Game Loops Crystal 1 Dark Hum Ambience Magical,https://epicstockmedia.com,"Brain Fairbanks, Gregory Mcmanus, Epic Stock Media",All files are Copyright Epic Stock Media - All Rights Reserved © 2021 Epic Stock Media
Fantasy_Game_Loops_Crystal_1_Light_Hum_Ambience_Magical.wav,"ambience, loop, looping, loopable, soundscape, environment, ambient, background, nature, instrumental,",Ambience,Fantasy,Fantasy Game,00:15.500,Epic Stock Media,24,96000,2,"Brian Fairbanks, Epic Stock Media",Fantasy Game Loops Crystal 1 Light Hum Ambience Magical,https://epicstockmedia.com,"Brain Fairbanks, Gregory Mcmanus, Epic Stock Media",All files are Copyright Epic Stock Media - All Rights Reserved © 2021 Epic Stock Media
Fantasy_Game_Magic_Dark Magic_1_Blast_Shadow_Warlock_Spell.wav,"magic, spell, cast, conjure, whoosh, sparkle, glitter, designed, fantasy, mmo, witch, wizard, instant, elemental, organic, water, fire, flame, poision",Magic,Fantasy,Fantasy Game,00:03.020,Epic Stock Media,24,96000,2,"Brian Fairbanks, Epic Stock Media",Fantasy Game Magic Dark Magic 1 Blast Shadow Warlock Spell,https://epicstockmedia.com,"Brain Fairbanks, Gregory Mcmanus, Epic Stock Media",All files are Copyright Epic Stock Media - All Rights Reserved © 2021 Epic Stock Media
Fantasy_Game_Magic_Dark Magic_1_Cast_Shadow_Warlock_Spell.wav,"magic, spell, cast, conjure, whoosh, sparkle, glitter, designed, fantasy, mmo, witch, wizard, instant, elemental, organic, water, fire, flame, poision",Magic,Fantasy,Fantasy Game,00:06.500,Epic Stock Media,24,96000,2,"Brian Fairbanks, Epic Stock Media",Fantasy Game Magic Dark Magic 1 Cast Shadow Warlock Spell,https://epicstockmedia.com,"Brain Fairbanks, Gregory Mcmanus, Epic Stock Media",All files are Copyright Epic Stock Media - All Rights Reserved © 2021 Epic Stock Media
Fantasy_Game_Magic_Dark Magic_2_Blast_Shadow_Warlock_Spell.wav,"magic, spell, cast, conjure, whoosh, sparkle, glitter, designed, fantasy, mmo, witch, wizard, instant, elemental, organic, water, fire, flame, poision",Magic,Fantasy,Fantasy Game,00:02.500,Epic Stock Media,24,96000,2,"Brian Fairbanks, Epic Stock Media",Fantasy Game Magic Dark Magic 2 Blast Shadow Warlock Spell,https://epicstockmedia.com,"Brain Fairbanks, Gregory Mcmanus, Epic Stock Media",All files are Copyright Epic Stock Media - All Rights Reserved © 2021 Epic Stock Media
Fantasy_Game_Magic_Dark Magic_2_Cast_Shadow_Warlock_Spell.wav,"magic, spell, cast, conjure, whoosh, sparkle, glitter, designed, fantasy, mmo, witch, wizard, instant, elemental, organic, water, fire, flame, poision",Magic,Fantasy,Fantasy Game,00:06.000,Epic Stock Media,24,96000,2,"Brian Fairbanks, Epic Stock Media",Fantasy Game Magic Dark Magic 2 Cast Shadow Warlock Spell,https://epicstockmedia.com,"Brain Fairbanks, Gregory Mcmanus, Epic Stock Media",All files are Copyright Epic Stock Media - All Rights Reserved © 2021 Epic Stock Media
Fantasy_Game_Magic_Dark Magic_3_Blast_Shadow_Warlock_Spell.wav,"magic, spell, cast, conjure, whoosh, sparkle, glitter, designed, fantasy, mmo, witch, wizard, instant, elemental, organic, water, fire, flame, poision",Magic,Fantasy,Fantasy Game,00:02.021,Epic Stock Media,24,96000,2,"Brian Fairbanks, Epic Stock Media",Fantasy Game Magic Dark Magic 3 Blast Shadow Warlock Spell,https://epicstockmedia.com,"Brain Fairbanks, Gregory Mcmanus, Epic Stock Media",All files are Copyright Epic Stock Media - All Rights Reserved © 2021 Epic Stock Media
Fantasy_Game_Magic_Dark Magic_3_Cast_Shadow_Warlock_Spell.wav,"magic, spell, cast, conjure, whoosh, sparkle, glitter, designed, fantasy, mmo, witch, wizard, instant, elemental, organic, water, fire, flame, poision",Magic,Fantasy,Fantasy Game,00:04.000,Epic Stock Media,24,96000,2,"Brian Fairbanks, Epic Stock Media",Fantasy Game Magic Dark Magic 3 Cast Shadow Warlock Spell,https://epicstockmedia.com,"Brain Fairbanks, Gregory Mcmanus, Epic Stock Media",All files are Copyright Epic Stock Media - All Rights Reserved © 2021 Epic Stock Media
Fantasy_Game_Magic_Dark Magic_4_Blast_Shadow_Warlock_Spell.wav,"magic, spell, cast, conjure, whoosh, sparkle, glitter, designed, fantasy, mmo, witch, wizard, instant, elemental, organic, water, fire, flame, poision",Magic,Fantasy,Fantasy Game,00:01.972,Epic Stock Media,24,96000,2,"Brian Fairbanks, Epic Stock Media",Fantasy Game Magic Dark Magic 4 Blast Shadow Warlock Spell,https://epicstockmedia.com,"Brain Fairbanks, Gregory Mcmanus, Epic Stock Media",All files are Copyright Epic Stock Media - All Rights Reserved © 2021 Epic Stock Media
Fantasy_Game_Magic_Dark Magic_4_Cast_Shadow_Warlock_Spell.wav,"magic, spell, cast, conjure, whoosh, sparkle, glitter, designed, fantasy, mmo, witch, wizard, instant, elemental, organic, water, fire, flame, poision",Magic,Fantasy,Fantasy Game,00:04.000,Epic Stock Media,24,96000,2,"Brian Fairbanks, Epic Stock Media",Fantasy Game Magic Dark Magic 4 Cast Shadow Warlock Spell,https://epicstockmedia.com,"Brain Fairbanks, Gregory Mcmanus, Epic Stock Media",All files are Copyright Epic Stock Media - All Rights Reserved © 2021 Epic Stock Media
Fantasy_Game_Magic_Dark Magic_5_Blast_Shadow_Warlock_Spell.wav,"magic, spell, cast, conjure, whoosh, sparkle, glitter, designed, fantasy, mmo, witch, wizard, instant, elemental, organic, water, fire, flame, poision",Magic,Fantasy,Fantasy Game,00:01.989,Epic Stock Media,24,96000,2,"Brian Fairbanks, Epic Stock Media",Fantasy Game Magic Dark Magic 5 Blast Shadow Warlock Spell,https://epicstockmedia.com,"Brain Fairbanks, Gregory Mcmanus, Epic Stock Media",All files are Copyright Epic Stock Media - All Rights Reserved © 2021 Epic Stock Media
Fantasy_Game_Magic_Dark Magic_5_Cast_Shadow_Warlock_Spell.wav,"magic, spell, cast, conjure, whoosh, sparkle, glitter, designed, fantasy, mmo, witch, wizard, instant, elemental, organic, water, fire, flame, poision",Magic,Fantasy,Fantasy Game,00:03.500,Epic Stock Media,24,96000,2,"Brian Fairbanks, Epic Stock Media",Fantasy Game Magic Dark Magic 5 Cast Shadow Warlock Spell,https://epicstockmedia.com,"Brain Fairbanks, Gregory Mcmanus, Epic Stock Media",All files are Copyright Epic Stock Media - All Rights Reserved © 2021 Epic Stock Media
Fantasy_Game_Magic_Fire_1_Blast_Thermal_Elemental_Spell.wav,"magic, spell, cast, conjure, whoosh, sparkle, glitter, designed, fantasy, mmo, witch, wizard, instant, elemental, organic, water, fire, flame, poision",Magic,Fantasy,Fantasy Game,00:03.743,Epic Stock Media,24,96000,2,"Brian Fairbanks, Epic Stock Media",Fantasy Game Magic Fire 1 Blast Thermal Elemental Spell,https://epicstockmedia.com,"Brain Fairbanks, Gregory Mcmanus, Epic Stock Media",All files are Copyright Epic Stock Media - All Rights Reserved © 2021 Epic Stock Media
Fantasy_Game_Magic_Fire_1_Cast_Thermal_Elemental_Spell.wav,"magic, spell, cast, conjure, whoosh, sparkle, glitter, designed, fantasy, mmo, witch, wizard, instant, elemental, organic, water, fire, flame, poision",Magic,Fantasy,Fantasy Game,00:03.000,Epic Stock Media,24,96000,2,"Brian Fairbanks, Epic Stock Media",Fantasy Game Magic Fire 1 Cast Thermal Elemental Spell,https://epicstockmedia.com,"Brain Fairbanks, Gregory Mcmanus, Epic Stock Media",All files are Copyright Epic Stock Media - All Rights Reserved © 2021 Epic Stock Media
Fantasy_Game_Magic_Fire_2_Blast_Thermal_Elemental_Spell.wav,"magic, spell, cast, conjure, whoosh, sparkle, glitter, designed, fantasy, mmo, witch, wizard, instant, elemental, organic, water, fire, flame, poision",Magic,Fantasy,Fantasy Game,00:03.708,Epic Stock Media,24,96000,2,"Brian Fairbanks, Epic Stock Media",Fantasy Game Magic Fire 2 Blast Thermal Elemental Spell,https://epicstockmedia.com,"Brain Fairbanks, Gregory Mcmanus, Epic Stock Media",All files are Copyright Epic Stock Media - All Rights Reserved © 2021 Epic Stock Media
Fantasy_Game_Magic_Fire_2_Cast_Thermal_Elemental_Spell.wav,"magic, spell, cast, conjure, whoosh, sparkle, glitter, designed, fantasy, mmo, witch, wizard, instant, elemental, organic, water, fire, flame, poision",Magic,Fantasy,Fantasy Game,00:03.272,Epic Stock Media,24,96000,2,"Brian Fairbanks, Epic Stock Media",Fantasy Game Magic Fire 2 Cast Thermal Elemental Spell,https://epicstockmedia.com,"Brain Fairbanks, Gregory Mcmanus, Epic Stock Media",All files are Copyright Epic Stock Media - All Rights Reserved © 2021 Epic Stock Media
Fantasy_Game_Magic_Fire_3_Blast_Thermal_Elemental_Spell.wav,"magic, spell, cast, conjure, whoosh, sparkle, glitter, designed, fantasy, mmo, witch, wizard, instant, elemental, organic, water, fire, flame, poision",Magic,Fantasy,Fantasy Game,00:03.229,Epic Stock Media,24,96000,2,"Brian Fairbanks, Epic Stock Media",Fantasy Game Magic Fire 3 Blast Thermal Elemental Spell,https://epicstockmedia.com,"Brain Fairbanks, Gregory Mcmanus, Epic Stock Media",All files are Copyright Epic Stock Media - All Rights Reserved © 2021 Epic Stock Media
Fantasy_Game_Magic_Fire_3_Cast_Thermal_Elemental_Spell.wav,"magic, spell, cast, conjure, whoosh, sparkle, glitter, designed, fantasy, mmo, witch, wizard, instant, elemental, organic, water, fire, flame, poision",Magic,Fantasy,Fantasy Game,00:03.000,Epic Stock Media,24,96000,2,"Brian Fairbanks, Epic Stock Media",Fantasy Game Magic Fire 3 Cast Thermal Elemental Spell,https://epicstockmedia.com,"Brain Fairbanks, Gregory Mcmanus, Epic Stock Media",All files are Copyright Epic Stock Media - All Rights Reserved © 2021 Epic Stock Media
Fantasy_Game_Magic_Fire_4_Blast_Thermal_Elemental_Spell.wav,"magic, spell, cast, conjure, whoosh, sparkle, glitter, designed, fantasy, mmo, witch, wizard, instant, elemental, organic, water, fire, flame, poision",Magic,Fantasy,Fantasy Game,00:03.020,Epic Stock Media,24,96000,2,"Brian Fairbanks, Epic Stock Media",Fantasy Game Magic Fire 4 Blast Thermal Elemental Spell,https://epicstockmedia.com,"Brain Fairbanks, Gregory Mcmanus, Epic Stock Media",All files are Copyright Epic Stock Media - All Rights Reserved © 2021 Epic Stock Media
Fantasy_Game_Magic_Fire_4_Cast_Thermal_Elemental_Spell.wav,"magic, spell, cast, conjure, whoosh, sparkle, glitter, designed, fantasy, mmo, witch, wizard, instant, elemental, organic, water, fire, flame, poision",Magic,Fantasy,Fantasy Game,00:02.240,Epic Stock Media,24,96000,2,"Brian Fairbanks, Epic Stock Media",Fantasy Game Magic Fire 4 Cast Thermal Elemental Spell,https://epicstockmedia.com,"Brain Fairbanks, Gregory Mcmanus, Epic Stock Media",All files are Copyright Epic Stock Media - All Rights Reserved © 2021 Epic Stock Media
Fantasy_Game_Magic_Fire_5_Blast_Thermal_Elemental_Spell.wav,"magic, spell, cast, conjure, whoosh, sparkle, glitter, designed, fantasy, mmo, witch, wizard, instant, elemental, organic, water, fire, flame, poision",Magic,Fantasy,Fantasy Game,00:02.513,Epic Stock Media,24,96000,2,"Brian Fairbanks, Epic Stock Media",Fantasy Game Magic Fire 5 Blast Thermal Elemental Spell,https://epicstockmedia.com,"Brain Fairbanks, Gregory Mcmanus, Epic Stock Media",All files are Copyright Epic Stock Media - All Rights Reserved © 2021 Epic Stock Media
Fantasy_Game_Magic_Fire_5_Cast_Thermal_Elemental_Spell.wav,"magic, spell, cast, conjure, whoosh, sparkle, glitter, designed, fantasy, mmo, witch, wizard, instant, elemental, organic, water, fire, flame, poision",Magic,Fantasy,Fantasy Game,00:01.500,Epic Stock Media,24,96000,2,"Brian Fairbanks, Epic Stock Media",Fantasy Game Magic Fire 5 Cast Thermal Elemental Spell,https://epicstockmedia.com,"Brain Fairbanks, Gregory Mcmanus, Epic Stock Media",All files are Copyright Epic Stock Media - All Rights Reserved © 2021 Epic Stock Media
Fantasy_Game_Magic_Ice_1_Blast_Frozen_Elemental_Spell.wav,"magic, spell, cast, conjure, whoosh, sparkle, glitter, designed, fantasy, mmo, witch, wizard, instant, elemental, organic, water, fire, flame, poision",Magic,Fantasy,Fantasy Game,00:02.026,Epic Stock Media,24,96000,2,"Brian Fairbanks, Epic Stock Media",Fantasy Game Magic Ice 1 Blast Frozen Elemental Spell,https://epicstockmedia.com,"Brain Fairbanks, Gregory Mcmanus, Epic Stock Media",All files are Copyright Epic Stock Media - All Rights Reserved © 2021 Epic Stock Media
Fantasy_Game_Magic_Ice_1_Cast_Frozen_Elemental_Spell.wav,"magic, spell, cast, conjure, whoosh, sparkle, glitter, designed, fantasy, mmo, witch, wizard, instant, elemental, organic, water, fire, flame, poision",Magic,Fantasy,Fantasy Game,00:03.513,Epic Stock Media,24,96000,2,"Brian Fairbanks, Epic Stock Media",Fantasy Game Magic Ice 1 Cast Frozen Elemental Spell,https://epicstockmedia.com,"Brain Fairbanks, Gregory Mcmanus, Epic Stock Media",All files are Copyright Epic Stock Media - All Rights Reserved © 2021 Epic Stock Media
Fantasy_Game_Magic_Ice_2_Blast_Frozen_Elemental_Spell.wav,"magic, spell, cast, conjure, whoosh, sparkle, glitter, designed, fantasy, mmo, witch, wizard, instant, elemental, organic, water, fire, flame, poision",Magic,Fantasy,Fantasy Game,00:02.132,Epic Stock Media,24,96000,2,"Brian Fairbanks, Epic Stock Media",Fantasy Game Magic Ice 2 Blast Frozen Elemental Spell,https://epicstockmedia.com,"Brain Fairbanks, Gregory Mcmanus, Epic Stock Media",All files are Copyright Epic Stock Media - All Rights Reserved © 2021 Epic Stock Media
Fantasy_Game_Magic_Ice_2_Cast_Frozen_Elemental_Spell.wav,"magic, spell, cast, conjure, whoosh, sparkle, glitter, designed, fantasy, mmo, witch, wizard, instant, elemental, organic, water, fire, flame, poision",Magic,Fantasy,Fantasy Game,00:03.521,Epic Stock Media,24,96000,2,"Brian Fairbanks, Epic Stock Media",Fantasy Game Magic Ice 2 Cast Frozen Elemental Spell,https://epicstockmedia.com,"Brain Fairbanks, Gregory Mcmanus, Epic Stock Media",All files are Copyright Epic Stock Media - All Rights Reserved © 2021 Epic Stock Media
Fantasy_Game_Magic_Ice_3_Blast_Frozen_Elemental_Spell.wav,"magic, spell, cast, conjure, whoosh, sparkle, glitter, designed, fantasy, mmo, witch, wizard, instant, elemental, organic, water, fire, flame, poision",Magic,Fantasy,Fantasy Game,00:02.257,Epic Stock Media,24,96000,2,"Brian Fairbanks, Epic Stock Media",Fantasy Game Magic Ice 3 Blast Frozen Elemental Spell,https://epicstockmedia.com,"Brain Fairbanks, Gregory Mcmanus, Epic Stock Media",All files are Copyright Epic Stock Media - All Rights Reserved © 2021 Epic Stock Media
Fantasy_Game_Magic_Ice_3_Cast_Frozen_Elemental_Spell.wav,"magic, spell, cast, conjure, whoosh, sparkle, glitter, designed, fantasy, mmo, witch, wizard, instant, elemental, organic, water, fire, flame, poision",Magic,Fantasy,Fantasy Game,00:01.533,Epic Stock Media,24,96000,2,"Brian Fairbanks, Epic Stock Media",Fantasy Game Magic Ice 3 Cast Frozen Elemental Spell,https://epicstockmedia.com,"Brain Fairbanks, Gregory Mcmanus, Epic Stock Media",All files are Copyright Epic Stock Media - All Rights Reserved © 2021 Epic Stock Media
Fantasy_Game_Magic_Ice_4_Blast_Frozen_Elemental_Spell.wav,"magic, spell, cast, conjure, whoosh, sparkle, glitter, designed, fantasy, mmo, witch, wizard, instant, elemental, organic, water, fire, flame, poision",Magic,Fantasy,Fantasy Game,00:02.052,Epic Stock Media,24,96000,2,"Brian Fairbanks, Epic Stock Media",Fantasy Game Magic Ice 4 Blast Frozen Elemental Spell,https://epicstockmedia.com,"Brain Fairbanks, Gregory Mcmanus, Epic Stock Media",All files are Copyright Epic Stock Media - All Rights Reserved © 2021 Epic Stock Media
Fantasy_Game_Magic_Ice_4_Cast_Frozen_Elemental_Spell.wav,"magic, spell, cast, conjure, whoosh, sparkle, glitter, designed, fantasy, mmo, witch, wizard, instant, elemental, organic, water, fire, flame, poision",Magic,Fantasy,Fantasy Game,00:02.518,Epic Stock Media,24,96000,2,"Brian Fairbanks, Epic Stock Media",Fantasy Game Magic Ice 4 Cast Frozen Elemental Spell,https://epicstockmedia.com,"Brain Fairbanks, Gregory Mcmanus, Epic Stock Media",All files are Copyright Epic Stock Media - All Rights Reserved © 2021 Epic Stock Media
Fantasy_Game_Magic_Ice_5_Blast_Frozen_Elemental_Spell.wav,"magic, spell, cast, conjure, whoosh, sparkle, glitter, designed, fantasy, mmo, witch, wizard, instant, elemental, organic, water, fire, flame, poision",Magic,Fantasy,Fantasy Game,00:02.150,Epic Stock Media,24,96000,2,"Brian Fairbanks, Epic Stock Media",Fantasy Game Magic Ice 5 Blast Frozen Elemental Spell,https://epicstockmedia.com,"Brain Fairbanks, Gregory Mcmanus, Epic Stock Media",All files are Copyright Epic Stock Media - All Rights Reserved © 2021 Epic Stock Media
Fantasy_Game_Magic_Ice_5_Cast_Frozen_Elemental_Spell.wav,"magic, spell, cast, conjure, whoosh, sparkle, glitter, designed, fantasy, mmo, witch, wizard, instant, elemental, organic, water, fire, flame, poision",Magic,Fantasy,Fantasy Game,00:03.029,Epic Stock Media,24,96000,2,"Brian Fairbanks, Epic Stock Media",Fantasy Game Magic Ice 5 Cast Frozen Elemental Spell,https://epicstockmedia.com,"Brain Fairbanks, Gregory Mcmanus, Epic Stock Media",All files are Copyright Epic Stock Media - All Rights Reserved © 2021 Epic Stock Media
Fantasy_Game_Magic_Light Magic_1_Blast_Holy_Priest_Spell.wav,"magic, spell, cast, conjure, whoosh, sparkle, glitter, designed, fantasy, mmo, witch, wizard, instant, elemental, organic, water, fire, flame, poision",Magic,Fantasy,Fantasy Game,00:03.764,Epic Stock Media,24,96000,2,"Brian Fairbanks, Epic Stock Media",Fantasy Game Magic Light Magic 1 Blast Holy Priest Spell,https://epicstockmedia.com,"Brain Fairbanks, Gregory Mcmanus, Epic Stock Media",All files are Copyright Epic Stock Media - All Rights Reserved © 2021 Epic Stock Media
Fantasy_Game_Magic_Light Magic_1_Cast_Holy_Priest_Spell.wav,"magic, spell, cast, conjure, whoosh, sparkle, glitter, designed, fantasy, mmo, witch, wizard, instant, elemental, organic, water, fire, flame, poision",Magic,Fantasy,Fantasy Game,00:03.785,Epic Stock Media,24,96000,2,"Brian Fairbanks, Epic Stock Media",Fantasy Game Magic Light Magic 1 Cast Holy Priest Spell,https://epicstockmedia.com,"Brain Fairbanks, Gregory Mcmanus, Epic Stock Media",All files are Copyright Epic Stock Media - All Rights Reserved © 2021 Epic Stock Media
Fantasy_Game_Magic_Light Magic_2_Blast_Holy_Priest_Spell.wav,"magic, spell, cast, conjure, whoosh, sparkle, glitter, designed, fantasy, mmo, witch, wizard, instant, elemental, organic, water, fire, flame, poision",Magic,Fantasy,Fantasy Game,00:02.017,Epic Stock Media,24,96000,2,"Brian Fairbanks, Epic Stock Media",Fantasy Game Magic Light Magic 2 Blast Holy Priest Spell,https://epicstockmedia.com,"Brain Fairbanks, Gregory Mcmanus, Epic Stock Media",All files are Copyright Epic Stock Media - All Rights Reserved © 2021 Epic Stock Media
Fantasy_Game_Magic_Light Magic_2_Cast_Holy_Priest_Spell.wav,"magic, spell, cast, conjure, whoosh, sparkle, glitter, designed, fantasy, mmo, witch, wizard, instant, elemental, organic, water, fire, flame, poision",Magic,Fantasy,Fantasy Game,00:03.397,Epic Stock Media,24,96000,2,"Brian Fairbanks, Epic Stock Media",Fantasy Game Magic Light Magic 2 Cast Holy Priest Spell,https://epicstockmedia.com,"Brain Fairbanks, Gregory Mcmanus, Epic Stock Media",All files are Copyright Epic Stock Media - All Rights Reserved © 2021 Epic Stock Media
Fantasy_Game_Magic_Light Magic_3_Blast_Holy_Priest_Spell.wav,"magic, spell, cast, conjure, whoosh, sparkle, glitter, designed, fantasy, mmo, witch, wizard, instant, elemental, organic, water, fire, flame, poision",Magic,Fantasy,Fantasy Game,00:02.030,Epic Stock Media,24,96000,2,"Brian Fairbanks, Epic Stock Media",Fantasy Game Magic Light Magic 3 Blast Holy Priest Spell,https://epicstockmedia.com,"Brain Fairbanks, Gregory Mcmanus, Epic Stock Media",All files are Copyright Epic Stock Media - All Rights Reserved © 2021 Epic Stock Media
Fantasy_Game_Magic_Light Magic_3_Cast_Holy_Priest_Spell.wav,"magic, spell, cast, conjure, whoosh, sparkle, glitter, designed, fantasy, mmo, witch, wizard, instant, elemental, organic, water, fire, flame, poision",Magic,Fantasy,Fantasy Game,00:02.943,Epic Stock Media,24,96000,2,"Brian Fairbanks, Epic Stock Media",Fantasy Game Magic Light Magic 3 Cast Holy Priest Spell,https://epicstockmedia.com,"Brain Fairbanks, Gregory Mcmanus, Epic Stock Media",All files are Copyright Epic Stock Media - All Rights Reserved © 2021 Epic Stock Media
Fantasy_Game_Magic_Light Magic_4_Blast_Holy_Priest_Spell.wav,"magic, spell, cast, conjure, whoosh, sparkle, glitter, designed, fantasy, mmo, witch, wizard, instant, elemental, organic, water, fire, flame, poision",Magic,Fantasy,Fantasy Game,00:03.523,Epic Stock Media,24,96000,2,"Brian Fairbanks, Epic Stock Media",Fantasy Game Magic Light Magic 4 Blast Holy Priest Spell,https://epicstockmedia.com,"Brain Fairbanks, Gregory Mcmanus, Epic Stock Media",All files are Copyright Epic Stock Media - All Rights Reserved © 2021 Epic Stock Media
Fantasy_Game_Magic_Light Magic_4_Cast_Holy_Priest_Spell.wav,"magic, spell, cast, conjure, whoosh, sparkle, glitter, designed, fantasy, mmo, witch, wizard, instant, elemental, organic, water, fire, flame, poision",Magic,Fantasy,Fantasy Game,00:02.944,Epic Stock Media,24,96000,2,"Brian Fairbanks, Epic Stock Media",Fantasy Game Magic Light Magic 4 Cast Holy Priest Spell,https://epicstockmedia.com,"Brain Fairbanks, Gregory Mcmanus, Epic Stock Media",All files are Copyright Epic Stock Media - All Rights Reserved © 2021 Epic Stock Media
Fantasy_Game_Magic_Light Magic_5_Blast_Holy_Priest_Spell.wav,"magic, spell, cast, conjure, whoosh, sparkle, glitter, designed, fantasy, mmo, witch, wizard, instant, elemental, organic, water, fire, flame, poision",Magic,Fantasy,Fantasy Game,00:01.505,Epic Stock Media,24,96000,2,"Brian Fairbanks, Epic Stock Media",Fantasy Game Magic Light Magic 5 Blast Holy Priest Spell,https://epicstockmedia.com,"Brain Fairbanks, Gregory Mcmanus, Epic Stock Media",All files are Copyright Epic Stock Media - All Rights Reserved © 2021 Epic Stock Media
Fantasy_Game_Magic_Light Magic_5_Cast_Holy_Priest_Spell.wav,"magic, spell, cast, conjure, whoosh, sparkle, glitter, designed, fantasy, mmo, witch, wizard, instant, elemental, organic, water, fire, flame, poision",Magic,Fantasy,Fantasy Game,00:02.841,Epic Stock Media,24,96000,2,"Brian Fairbanks, Epic Stock Media",Fantasy Game Magic Light Magic 5 Cast Holy Priest Spell,https://epicstockmedia.com,"Brain Fairbanks, Gregory Mcmanus, Epic Stock Media",All files are Copyright Epic Stock Media - All Rights Reserved © 2021 Epic Stock Media
Fantasy_Game_Magic_Lightning_1_Blast_Electric_Zap_Spell.wav,"magic, spell, cast, conjure, whoosh, sparkle, glitter, designed, fantasy, mmo, witch, wizard, instant, elemental, organic, water, fire, flame, poision",Magic,Fantasy,Fantasy Game,00:02.940,Epic Stock Media,24,96000,2,"Brian Fairbanks, Epic Stock Media",Fantasy Game Magic Lightning 1 Blast Electric Zap Spell,https://epicstockmedia.com,"Brain Fairbanks, Gregory Mcmanus, Epic Stock Media",All files are Copyright Epic Stock Media - All Rights Reserved © 2021 Epic Stock Media
Fantasy_Game_Magic_Lightning_1_Cast_Electric_Zap_Spell.wav,"magic, spell, cast, conjure, whoosh, sparkle, glitter, designed, fantasy, mmo, witch, wizard, instant, elemental, organic, water, fire, flame, poision",Magic,Fantasy,Fantasy Game,00:05.030,Epic Stock Media,24,96000,2,"Brian Fairbanks, Epic Stock Media",Fantasy Game Magic Lightning 1 Cast Electric Zap Spell,https://epicstockmedia.com,"Brain Fairbanks, Gregory Mcmanus, Epic Stock Media",All files are Copyright Epic Stock Media - All Rights Reserved © 2021 Epic Stock Media
Fantasy_Game_Magic_Lightning_2_Blast_Electric_Zap_Spell.wav,"magic, spell, cast, conjure, whoosh, sparkle, glitter, designed, fantasy, mmo, witch, wizard, instant, elemental, organic, water, fire, flame, poision",Magic,Fantasy,Fantasy Game,00:02.229,Epic Stock Media,24,96000,2,"Brian Fairbanks, Epic Stock Media",Fantasy Game Magic Lightning 2 Blast Electric Zap Spell,https://epicstockmedia.com,"Brain Fairbanks, Gregory Mcmanus, Epic Stock Media",All files are Copyright Epic Stock Media - All Rights Reserved © 2021 Epic Stock Media
Fantasy_Game_Magic_Lightning_2_Cast_Electric_Zap_Spell.wav,"magic, spell, cast, conjure, whoosh, sparkle, glitter, designed, fantasy, mmo, witch, wizard, instant, elemental, organic, water, fire, flame, poision",Magic,Fantasy,Fantasy Game,00:04.209,Epic Stock Media,24,96000,2,"Brian Fairbanks, Epic Stock Media",Fantasy Game Magic Lightning 2 Cast Electric Zap Spell,https://epicstockmedia.com,"Brain Fairbanks, Gregory Mcmanus, Epic Stock Media",All files are Copyright Epic Stock Media - All Rights Reserved © 2021 Epic Stock Media
Fantasy_Game_Magic_Lightning_3_Blast_Electric_Zap_Spell.wav,"magic, spell, cast, conjure, whoosh, sparkle, glitter, designed, fantasy, mmo, witch, wizard, instant, elemental, organic, water, fire, flame, poision",Magic,Fantasy,Fantasy Game,00:02.480,Epic Stock Media,24,96000,2,"Brian Fairbanks, Epic Stock Media",Fantasy Game Magic Lightning 3 Blast Electric Zap Spell,https://epicstockmedia.com,"Brain Fairbanks, Gregory Mcmanus, Epic Stock Media",All files are Copyright Epic Stock Media - All Rights Reserved © 2021 Epic Stock Media
Fantasy_Game_Magic_Lightning_3_Cast_Electric_Zap_Spell.wav,"magic, spell, cast, conjure, whoosh, sparkle, glitter, designed, fantasy, mmo, witch, wizard, instant, elemental, organic, water, fire, flame, poision",Magic,Fantasy,Fantasy Game,00:03.120,Epic Stock Media,24,96000,2,"Brian Fairbanks, Epic Stock Media",Fantasy Game Magic Lightning 3 Cast Electric Zap Spell,https://epicstockmedia.com,"Brain Fairbanks, Gregory Mcmanus, Epic Stock Media",All files are Copyright Epic Stock Media - All Rights Reserved © 2021 Epic Stock Media
Fantasy_Game_Magic_Lightning_4_Blast_Electric_Zap_Spell.wav,"magic, spell, cast, conjure, whoosh, sparkle, glitter, designed, fantasy, mmo, witch, wizard, instant, elemental, organic, water, fire, flame, poision",Magic,Fantasy,Fantasy Game,00:01.870,Epic Stock Media,24,96000,2,"Brian Fairbanks, Epic Stock Media",Fantasy Game Magic Lightning 4 Blast Electric Zap Spell,https://epicstockmedia.com,"Brain Fairbanks, Gregory Mcmanus, Epic Stock Media",All files are Copyright Epic Stock Media - All Rights Reserved © 2021 Epic Stock Media
Fantasy_Game_Magic_Lightning_4_Cast_Electric_Zap_Spell.wav,"magic, spell, cast, conjure, whoosh, sparkle, glitter, designed, fantasy, mmo, witch, wizard, instant, elemental, organic, water, fire, flame, poision",Magic,Fantasy,Fantasy Game,00:03.100,Epic Stock Media,24,96000,2,"Brian Fairbanks, Epic Stock Media",Fantasy Game Magic Lightning 4 Cast Electric Zap Spell,https://epicstockmedia.com,"Brain Fairbanks, Gregory Mcmanus, Epic Stock Media",All files are Copyright Epic Stock Media - All Rights Reserved © 2021 Epic Stock Media
Fantasy_Game_Magic_Lightning_5_Blast_Electric_Zap_Spell.wav,"magic, spell, cast, conjure, whoosh, sparkle, glitter, designed, fantasy, mmo, witch, wizard, instant, elemental, organic, water, fire, flame, poision",Magic,Fantasy,Fantasy Game,00:01.919,Epic Stock Media,24,96000,2,"Brian Fairbanks, Epic Stock Media",Fantasy Game Magic Lightning 5 Blast Electric Zap Spell,https://epicstockmedia.com,"Brain Fairbanks, Gregory Mcmanus, Epic Stock Media",All files are Copyright Epic Stock Media - All Rights Reserved © 2021 Epic Stock Media
Fantasy_Game_Magic_Lightning_5_Cast_Electric_Zap_Spell.wav,"magic, spell, cast, conjure, whoosh, sparkle, glitter, designed, fantasy, mmo, witch, wizard, instant, elemental, organic, water, fire, flame, poision",Magic,Fantasy,Fantasy Game,00:02.009,Epic Stock Media,24,96000,2,"Brian Fairbanks, Epic Stock Media",Fantasy Game Magic Lightning 5 Cast Electric Zap Spell,https://epicstockmedia.com,"Brain Fairbanks, Gregory Mcmanus, Epic Stock Media",All files are Copyright Epic Stock Media - All Rights Reserved © 2021 Epic Stock Media
Fantasy_Game_Magic_Water_1_Blast_Wet_Elemental_Spell.wav,"magic, spell, cast, conjure, whoosh, sparkle, glitter, designed, fantasy, mmo, witch, wizard, instant, elemental, organic, water, fire, flame, poision",Magic,Fantasy,Fantasy Game,00:02.033,Epic Stock Media,24,96000,2,"Brian Fairbanks, Epic Stock Media",Fantasy Game Magic Water 1 Blast Wet Elemental Spell,https://epicstockmedia.com,"Brain Fairbanks, Gregory Mcmanus, Epic Stock Media",All files are Copyright Epic Stock Media - All Rights Reserved © 2021 Epic Stock Media
Fantasy_Game_Magic_Water_1_Cast_Wet_Elemental_Spell.wav,"magic, spell, cast, conjure, whoosh, sparkle, glitter, designed, fantasy, mmo, witch, wizard, instant, elemental, organic, water, fire, flame, poision",Magic,Fantasy,Fantasy Game,00:02.000,Epic Stock Media,24,96000,2,"Brian Fairbanks, Epic Stock Media",Fantasy Game Magic Water 1 Cast Wet Elemental Spell,https://epicstockmedia.com,"Brain Fairbanks, Gregory Mcmanus, Epic Stock Media",All files are Copyright Epic Stock Media - All Rights Reserved © 2021 Epic Stock Media
Fantasy_Game_Magic_Water_2_Blast_Wet_Elemental_Spell.wav,"magic, spell, cast, conjure, whoosh, sparkle, glitter, designed, fantasy, mmo, witch, wizard, instant, elemental, organic, water, fire, flame, poision",Magic,Fantasy,Fantasy Game,00:02.019,Epic Stock Media,24,96000,2,"Brian Fairbanks, Epic Stock Media",Fantasy Game Magic Water 2 Blast Wet Elemental Spell,https://epicstockmedia.com,"Brain Fairbanks, Gregory Mcmanus, Epic Stock Media",All files are Copyright Epic Stock Media - All Rights Reserved © 2021 Epic Stock Media
Fantasy_Game_Magic_Water_2_Cast_Wet_Elemental_Spell.wav,"magic, spell, cast, conjure, whoosh, sparkle, glitter, designed, fantasy, mmo, witch, wizard, instant, elemental, organic, water, fire, flame, poision",Magic,Fantasy,Fantasy Game,00:01.500,Epic Stock Media,24,96000,2,"Brian Fairbanks, Epic Stock Media",Fantasy Game Magic Water 2 Cast Wet Elemental Spell,https://epicstockmedia.com,"Brain Fairbanks, Gregory Mcmanus, Epic Stock Media",All files are Copyright Epic Stock Media - All Rights Reserved © 2021 Epic Stock Media
Fantasy_Game_Magic_Water_3_Blast_Wet_Elemental_Spell.wav,"magic, spell, cast, conjure, whoosh, sparkle, glitter, designed, fantasy, mmo, witch, wizard, instant, elemental, organic, water, fire, flame, poision",Magic,Fantasy,Fantasy Game,00:02.031,Epic Stock Media,24,96000,2,"Brian Fairbanks, Epic Stock Media",Fantasy Game Magic Water 3 Blast Wet Elemental Spell,https://epicstockmedia.com,"Brain Fairbanks, Gregory Mcmanus, Epic Stock Media",All files are Copyright Epic Stock Media - All Rights Reserved © 2021 Epic Stock Media
Fantasy_Game_Magic_Water_3_Cast_Wet_Elemental_Spell.wav,"magic, spell, cast, conjure, whoosh, sparkle, glitter, designed, fantasy, mmo, witch, wizard, instant, elemental, organic, water, fire, flame, poision",Magic,Fantasy,Fantasy Game,00:03.000,Epic Stock Media,24,96000,2,"Brian Fairbanks, Epic Stock Media",Fantasy Game Magic Water 3 Cast Wet Elemental Spell,https://epicstockmedia.com,"Brain Fairbanks, Gregory Mcmanus, Epic Stock Media",All files are Copyright Epic Stock Media - All Rights Reserved © 2021 Epic Stock Media
Fantasy_Game_Magic_Water_4_Blast_Wet_Elemental_Spell.wav,"magic, spell, cast, conjure, whoosh, sparkle, glitter, designed, fantasy, mmo, witch, wizard, instant, elemental, organic, water, fire, flame, poision",Magic,Fantasy,Fantasy Game,00:02.348,Epic Stock Media,24,96000,2,"Brian Fairbanks, Epic Stock Media",Fantasy Game Magic Water 4 Blast Wet Elemental Spell,https://epicstockmedia.com,"Brain Fairbanks, Gregory Mcmanus, Epic Stock Media",All files are Copyright Epic Stock Media - All Rights Reserved © 2021 Epic Stock Media
Fantasy_Game_Magic_Water_4_Cast_Wet_Elemental_Spell.wav,"magic, spell, cast, conjure, whoosh, sparkle, glitter, designed, fantasy, mmo, witch, wizard, instant, elemental, organic, water, fire, flame, poision",Magic,Fantasy,Fantasy Game,00:01.117,Epic Stock Media,24,96000,2,"Brian Fairbanks, Epic Stock Media",Fantasy Game Magic Water 4 Cast Wet Elemental Spell,https://epicstockmedia.com,"Brain Fairbanks, Gregory Mcmanus, Epic Stock Media",All files are Copyright Epic Stock Media - All Rights Reserved © 2021 Epic Stock Media
Fantasy_Game_Magic_Water_5_Blast_Wet_Elemental_Spell.wav,"magic, spell, cast, conjure, whoosh, sparkle, glitter, designed, fantasy, mmo, witch, wizard, instant, elemental, organic, water, fire, flame, poision",Magic,Fantasy,Fantasy Game,00:02.295,Epic Stock Media,24,96000,2,"Brian Fairbanks, Epic Stock Media",Fantasy Game Magic Water 5 Blast Wet Elemental Spell,https://epicstockmedia.com,"Brain Fairbanks, Gregory Mcmanus, Epic Stock Media",All files are Copyright Epic Stock Media - All Rights Reserved © 2021 Epic Stock Media
Fantasy_Game_Magic_Water_5_Cast_Wet_Elemental_Spell.wav,"magic, spell, cast, conjure, whoosh, sparkle, glitter, designed, fantasy, mmo, witch, wizard, instant, elemental, organic, water, fire, flame, poision",Magic,Fantasy,Fantasy Game,00:01.500,Epic Stock Media,24,96000,2,"Brian Fairbanks, Epic Stock Media",Fantasy Game Magic Water 5 Cast Wet Elemental Spell,https://epicstockmedia.com,"Brain Fairbanks, Gregory Mcmanus, Epic Stock Media",All files are Copyright Epic Stock Media - All Rights Reserved © 2021 Epic Stock Media
Fantasy_Game_Magic_Wind_1_Blast_Air_Elemental_Spell.wav,"magic, spell, cast, conjure, whoosh, sparkle, glitter, designed, fantasy, mmo, witch, wizard, instant, elemental, organic, water, fire, flame, poision",Magic,Fantasy,Fantasy Game,00:02.537,Epic Stock Media,24,96000,2,"Brian Fairbanks, Epic Stock Media",Fantasy Game Magic Wind 1 Blast Air Elemental Spell,https://epicstockmedia.com,"Brain Fairbanks, Gregory Mcmanus, Epic Stock Media",All files are Copyright Epic Stock Media - All Rights Reserved © 2021 Epic Stock Media
Fantasy_Game_Magic_Wind_1_Cast_Air_Elemental_Spell.wav,"magic, spell, cast, conjure, whoosh, sparkle, glitter, designed, fantasy, mmo, witch, wizard, instant, elemental, organic, water, fire, flame, poision",Magic,Fantasy,Fantasy Game,00:05.536,Epic Stock Media,24,96000,2,"Brian Fairbanks, Epic Stock Media",Fantasy Game Magic Wind 1 Cast Air Elemental Spell,https://epicstockmedia.com,"Brain Fairbanks, Gregory Mcmanus, Epic Stock Media",All files are Copyright Epic Stock Media - All Rights Reserved © 2021 Epic Stock Media
Fantasy_Game_Magic_Wind_2_Blast_Air_Elemental_Spell.wav,"magic, spell, cast, conjure, whoosh, sparkle, glitter, designed, fantasy, mmo, witch, wizard, instant, elemental, organic, water, fire, flame, poision",Magic,Fantasy,Fantasy Game,00:02.536,Epic Stock Media,24,96000,2,"Brian Fairbanks, Epic Stock Media",Fantasy Game Magic Wind 2 Blast Air Elemental Spell,https://epicstockmedia.com,"Brain Fairbanks, Gregory Mcmanus, Epic Stock Media",All files are Copyright Epic Stock Media - All Rights Reserved © 2021 Epic Stock Media
Fantasy_Game_Magic_Wind_2_Cast_Air_Elemental_Spell.wav,"magic, spell, cast, conjure, whoosh, sparkle, glitter, designed, fantasy, mmo, witch, wizard, instant, elemental, organic, water, fire, flame, poision",Magic,Fantasy,Fantasy Game,00:04.642,Epic Stock Media,24,96000,2,"Brian Fairbanks, Epic Stock Media",Fantasy Game Magic Wind 2 Cast Air Elemental Spell,https://epicstockmedia.com,"Brain Fairbanks, Gregory Mcmanus, Epic Stock Media",All files are Copyright Epic Stock Media - All Rights Reserved © 2021 Epic Stock Media
Fantasy_Game_Magic_Wind_3_Blast_Air_Elemental_Spell.wav,"magic, spell, cast, conjure, whoosh, sparkle, glitter, designed, fantasy, mmo, witch, wizard, instant, elemental, organic, water, fire, flame, poision",Magic,Fantasy,Fantasy Game,00:02.016,Epic Stock Media,24,96000,2,"Brian Fairbanks, Epic Stock Media",Fantasy Game Magic Wind 3 Blast Air Elemental Spell,https://epicstockmedia.com,"Brain Fairbanks, Gregory Mcmanus, Epic Stock Media",All files are Copyright Epic Stock Media - All Rights Reserved © 2021 Epic Stock Media
Fantasy_Game_Magic_Wind_3_Cast_Air_Elemental_Spell.wav,"magic, spell, cast, conjure, whoosh, sparkle, glitter, designed, fantasy, mmo, witch, wizard, instant, elemental, organic, water, fire, flame, poision",Magic,Fantasy,Fantasy Game,00:03.254,Epic Stock Media,24,96000,2,"Brian Fairbanks, Epic Stock Media",Fantasy Game Magic Wind 3 Cast Air Elemental Spell,https://epicstockmedia.com,"Brain Fairbanks, Gregory Mcmanus, Epic Stock Media",All files are Copyright Epic Stock Media - All Rights Reserved © 2021 Epic Stock Media
Fantasy_Game_Magic_Wind_4_Blast_Air_Elemental_Spell.wav,"magic, spell, cast, conjure, whoosh, sparkle, glitter, designed, fantasy, mmo, witch, wizard, instant, elemental, organic, water, fire, flame, poision",Magic,Fantasy,Fantasy Game,00:02.025,Epic Stock Media,24,96000,2,"Brian Fairbanks, Epic Stock Media",Fantasy Game Magic Wind 4 Blast Air Elemental Spell,https://epicstockmedia.com,"Brain Fairbanks, Gregory Mcmanus, Epic Stock Media",All files are Copyright Epic Stock Media - All Rights Reserved © 2021 Epic Stock Media
Fantasy_Game_Magic_Wind_4_Cast_Air_Elemental_Spell.wav,"magic, spell, cast, conjure, whoosh, sparkle, glitter, designed, fantasy, mmo, witch, wizard, instant, elemental, organic, water, fire, flame, poision",Magic,Fantasy,Fantasy Game,00:03.556,Epic Stock Media,24,96000,2,"Brian Fairbanks, Epic Stock Media",Fantasy Game Magic Wind 4 Cast Air Elemental Spell,https://epicstockmedia.com,"Brain Fairbanks, Gregory Mcmanus, Epic Stock Media",All files are Copyright Epic Stock Media - All Rights Reserved © 2021 Epic Stock Media
Fantasy_Game_Magic_Wind_5_Blast_Air_Elemental_Spell.wav,"magic, spell, cast, conjure, whoosh, sparkle, glitter, designed, fantasy, mmo, witch, wizard, instant, elemental, organic, water, fire, flame, poision",Magic,Fantasy,Fantasy Game,00:02.209,Epic Stock Media,24,96000,2,"Brian Fairbanks, Epic Stock Media",Fantasy Game Magic Wind 5 Blast Air Elemental Spell,https://epicstockmedia.com,"Brain Fairbanks, Gregory Mcmanus, Epic Stock Media",All files are Copyright Epic Stock Media - All Rights Reserved © 2021 Epic Stock Media
Fantasy_Game_Magic_Wind_5_Cast_Air_Elemental_Spell.wav,"magic, spell, cast, conjure, whoosh, sparkle, glitter, designed, fantasy, mmo, witch, wizard, instant, elemental, organic, water, fire, flame, poision",Magic,Fantasy,Fantasy Game,00:02.316,Epic Stock Media,24,96000,2,"Brian Fairbanks, Epic Stock Media",Fantasy Game Magic Wind 5 Cast Air Elemental Spell,https://epicstockmedia.com,"Brain Fairbanks, Gregory Mcmanus, Epic Stock Media",All files are Copyright Epic Stock Media - All Rights Reserved © 2021 Epic Stock Media
Fantasy_Game_Weapons_Sword Clank_1_Block_Glance_Strike_Deflect.wav,"attack, sword, box, crossbow, medieval, fighting, brawl, weapon, arrow, knight, fantasy, adventure, MMO, RPG, instant, FX, one shot,",Attack,Fantasy,Fantasy Game,00:02.000,Epic Stock Media,24,96000,2,"Brian Fairbanks, Epic Stock Media",Fantasy Game Weapons Sword Clank 1 Block Glance Strike Deflect,https://epicstockmedia.com,"Brain Fairbanks, Gregory Mcmanus, Epic Stock Media",All files are Copyright Epic Stock Media - All Rights Reserved © 2021 Epic Stock Media
Fantasy_Game_Weapons_Sword Clank_2_Block_Glance_Strike_Deflect.wav,"attack, sword, box, crossbow, medieval, fighting, brawl, weapon, arrow, knight, fantasy, adventure, MMO, RPG, instant, FX, one shot,",Attack,Fantasy,Fantasy Game,00:02.000,Epic Stock Media,24,96000,2,"Brian Fairbanks, Epic Stock Media",Fantasy Game Weapons Sword Clank 2 Block Glance Strike Deflect,https://epicstockmedia.com,"Brain Fairbanks, Gregory Mcmanus, Epic Stock Media",All files are Copyright Epic Stock Media - All Rights Reserved © 2021 Epic Stock Media
Fantasy_Game_Weapons_Sword Clank_3_Block_Glance_Strike_Deflect.wav,"attack, sword, box, crossbow, medieval, fighting, brawl, weapon, arrow, knight, fantasy, adventure, MMO, RPG, instant, FX, one shot,",Attack,Fantasy,Fantasy Game,00:02.000,Epic Stock Media,24,96000,2,"Brian Fairbanks, Epic Stock Media",Fantasy Game Weapons Sword Clank 3 Block Glance Strike Deflect,https://epicstockmedia.com,"Brain Fairbanks, Gregory Mcmanus, Epic Stock Media",All files are Copyright Epic Stock Media - All Rights Reserved © 2021 Epic Stock Media
Fantasy_Game_Weapons_Sword Clank_4_Block_Glance_Strike_Deflect.wav,"attack, sword, box, crossbow, medieval, fighting, brawl, weapon, arrow, knight, fantasy, adventure, MMO, RPG, instant, FX, one shot,",Attack,Fantasy,Fantasy Game,00:02.000,Epic Stock Media,24,96000,2,"Brian Fairbanks, Epic Stock Media",Fantasy Game Weapons Sword Clank 4 Block Glance Strike Deflect,https://epicstockmedia.com,"Brain Fairbanks, Gregory Mcmanus, Epic Stock Media",All files are Copyright Epic Stock Media - All Rights Reserved © 2021 Epic Stock Media
Fantasy_Game_Weapons_Sword Clank_5_Block_Glance_Strike_Deflect.wav,"attack, sword, box, crossbow, medieval, fighting, brawl, weapon, arrow, knight, fantasy, adventure, MMO, RPG, instant, FX, one shot,",Attack,Fantasy,Fantasy Game,00:02.000,Epic Stock Media,24,96000,2,"Brian Fairbanks, Epic Stock Media",Fantasy Game Weapons Sword Clank 5 Block Glance Strike Deflect,https://epicstockmedia.com,"Brain Fairbanks, Gregory Mcmanus, Epic Stock Media",All files are Copyright Epic Stock Media - All Rights Reserved © 2021 Epic Stock Media
Fantasy_Game_Weapons_Wood Shield_1_Block_Defend_Buckler_Deflect.wav,"attack, sword, box, crossbow, medieval, fighting, brawl, weapon, arrow, knight, fantasy, adventure, MMO, RPG, instant, FX, one shot,",Attack,Fantasy,Fantasy Game,00:00.923,Epic Stock Media,24,96000,2,"Brian Fairbanks, Epic Stock Media",Fantasy Game Weapons Wood Shield 1 Block Defend Buckler Deflect,https://epicstockmedia.com,"Brain Fairbanks, Gregory Mcmanus, Epic Stock Media",All files are Copyright Epic Stock Media - All Rights Reserved © 2021 Epic Stock Media
Fantasy_Game_Weapons_Wood Shield_2_Block_Defend_Buckler_Deflect.wav,"attack, sword, box, crossbow, medieval, fighting, brawl, weapon, arrow, knight, fantasy, adventure, MMO, RPG, instant, FX, one shot,",Attack,Fantasy,Fantasy Game,00:00.754,Epic Stock Media,24,96000,2,"Brian Fairbanks, Epic Stock Media",Fantasy Game Weapons Wood Shield 2 Block Defend Buckler Deflect,https://epicstockmedia.com,"Brain Fairbanks, Gregory Mcmanus, Epic Stock Media",All files are Copyright Epic Stock Media - All Rights Reserved © 2021 Epic Stock Media
Fantasy_Game_Weapons_Wood Shield_3_Block_Defend_Buckler_Deflect.wav,"attack, sword, box, crossbow, medieval, fighting, brawl, weapon, arrow, knight, fantasy, adventure, MMO, RPG, instant, FX, one shot,",Attack,Fantasy,Fantasy Game,00:00.728,Epic Stock Media,24,96000,2,"Brian Fairbanks, Epic Stock Media",Fantasy Game Weapons Wood Shield 3 Block Defend Buckler Deflect,https://epicstockmedia.com,"Brain Fairbanks, Gregory Mcmanus, Epic Stock Media",All files are Copyright Epic Stock Media - All Rights Reserved © 2021 Epic Stock Media
Fantasy_Game_Weapons_Wood Shield_4_Block_Defend_Buckler_Deflect.wav,"attack, sword, box, crossbow, medieval, fighting, brawl, weapon, arrow, knight, fantasy, adventure, MMO, RPG, instant, FX, one shot,",Attack,Fantasy,Fantasy Game,00:00.758,Epic Stock Media,24,96000,2,"Brian Fairbanks, Epic Stock Media",Fantasy Game Weapons Wood Shield 4 Block Defend Buckler Deflect,https://epicstockmedia.com,"Brain Fairbanks, Gregory Mcmanus, Epic Stock Media",All files are Copyright Epic Stock Media - All Rights Reserved © 2021 Epic Stock Media
Fantasy_Game_Weapons_Wood Shield_5_Block_Defend_Buckler_Deflect.wav,"attack, sword, box, crossbow, medieval, fighting, brawl, weapon, arrow, knight, fantasy, adventure, MMO, RPG, instant, FX, one shot,",Attack,Fantasy,Fantasy Game,00:00.763,Epic Stock Media,24,96000,2,"Brian Fairbanks, Epic Stock Media",Fantasy Game Weapons Wood Shield 5 Block Defend Buckler Deflect,https://epicstockmedia.com,"Brain Fairbanks, Gregory Mcmanus, Epic Stock Media",All files are Copyright Epic Stock Media - All Rights Reserved © 2021 Epic Stock Media
Fantasy_Game_UI_Arcane_Confirm.wav,"button, click, tap, switch, item, collect, pick up, touch, coin, grab, point, star, orb, treasure, gold, inventory, menu, slot, ui, user, interface, fantasy, medieval",UI,Fantasy,Fantasy Game,00:02.653,Epic Stock Media,24,96000,2,"Brian Fairbanks, Epic Stock Media",Fantasy Game UI Arcane Confirm,https://epicstockmedia.com,"Brain Fairbanks, Gregory Mcmanus, Epic Stock Media",All files are Copyright Epic Stock Media - All Rights Reserved © 2021 Epic Stock Media
Fantasy_Game_UI_Arcane_Select.wav,"button, click, tap, switch, item, collect, pick up, touch, coin, grab, point, star, orb, treasure, gold, inventory, menu, slot, ui, user, interface, fantasy, medieval",UI,Fantasy,Fantasy Game,00:00.919,Epic Stock Media,24,96000,2,"Brian Fairbanks, Epic Stock Media",Fantasy Game UI Arcane Select,https://epicstockmedia.com,"Brain Fairbanks, Gregory Mcmanus, Epic Stock Media",All files are Copyright Epic Stock Media - All Rights Reserved © 2021 Epic Stock Media
Fantasy_Game_UI_Craft_Air_Bubble_Suction_Pop_Cork_3_Water.wav,"button, click, tap, switch, item, collect, pick up, touch, coin, grab, point, star, orb, treasure, gold, inventory, menu, slot, ui, user, interface, fantasy, medieval",UI,Fantasy,Fantasy Game,00:00.750,Epic Stock Media,24,96000,2,"Brian Fairbanks, Epic Stock Media",Fantasy Game Craft Air Bubble Suction Pop Cork 3 Water UI,https://epicstockmedia.com,"Brain Fairbanks, Gregory Mcmanus, Epic Stock Media",All files are Copyright Epic Stock Media - All Rights Reserved © 2021 Epic Stock Media
Fantasy_Game_UI_Craft_Air_Bubble_Suction_Pop_Cork_4_Water.wav,"button, click, tap, switch, item, collect, pick up, touch, coin, grab, point, star, orb, treasure, gold, inventory, menu, slot, ui, user, interface, fantasy, medieval",UI,Fantasy,Fantasy Game,00:00.750,Epic Stock Media,24,96000,2,"Brian Fairbanks, Epic Stock Media",Fantasy Game Craft Air Bubble Suction Pop Cork 4 Water UI,https://epicstockmedia.com,"Brain Fairbanks, Gregory Mcmanus, Epic Stock Media",All files are Copyright Epic Stock Media - All Rights Reserved © 2021 Epic Stock Media
Fantasy_Game_UI_Craft_Air_Bubble_Suction_Pop_Cork_5_Water.wav,"button, click, tap, switch, item, collect, pick up, touch, coin, grab, point, star, orb, treasure, gold, inventory, menu, slot, ui, user, interface, fantasy, medieval",UI,Fantasy,Fantasy Game,00:01.000,Epic Stock Media,24,96000,2,"Brian Fairbanks, Epic Stock Media",Fantasy Game Craft Air Bubble Suction Pop Cork 5 Water UI,https://epicstockmedia.com,"Brain Fairbanks, Gregory Mcmanus, Epic Stock Media",All files are Copyright Epic Stock Media - All Rights Reserved © 2021 Epic Stock Media
Fantasy_Game_UI_Craft_Air_Bubble_Suction_Pop_Cork_6_Water.wav,"button, click, tap, switch, item, collect, pick up, touch, coin, grab, point, star, orb, treasure, gold, inventory, menu, slot, ui, user, interface, fantasy, medieval",UI,Fantasy,Fantasy Game,00:00.520,Epic Stock Media,24,96000,2,"Brian Fairbanks, Epic Stock Media",Fantasy Game Craft Air Bubble Suction Pop Cork 6 Water UI,https://epicstockmedia.com,"Brain Fairbanks, Gregory Mcmanus, Epic Stock Media",All files are Copyright Epic Stock Media - All Rights Reserved © 2021 Epic Stock Media
Fantasy_Game_UI_Craft_Air_Bubble_Suction_Pop_Cork_7_Water.wav,"button, click, tap, switch, item, collect, pick up, touch, coin, grab, point, star, orb, treasure, gold, inventory, menu, slot, ui, user, interface, fantasy, medieval",UI,Fantasy,Fantasy Game,00:00.220,Epic Stock Media,24,96000,2,"Brian Fairbanks, Epic Stock Media",Fantasy Game Craft Air Bubble Suction Pop Cork 7 Water UI,https://epicstockmedia.com,"Brain Fairbanks, Gregory Mcmanus, Epic Stock Media",All files are Copyright Epic Stock Media - All Rights Reserved © 2021 Epic Stock Media
Fantasy_Game_UI_Crafting_Tab_Button_1.wav,"button, click, tap, switch, item, collect, pick up, touch, coin, grab, point, star, orb, treasure, gold, inventory, menu, slot, ui, user, interface, fantasy, medieval",UI,Fantasy,Fantasy Game,00:00.479,Epic Stock Media,24,96000,2,"Brian Fairbanks, Epic Stock Media",Fantasy Game Crafting UI Tab Button 1,https://epicstockmedia.com,"Brain Fairbanks, Gregory Mcmanus, Epic Stock Media",All files are Copyright Epic Stock Media - All Rights Reserved © 2021 Epic Stock Media
Fantasy_Game_UI_Crafting_Tab_Button_2.wav,"button, click, tap, switch, item, collect, pick up, touch, coin, grab, point, star, orb, treasure, gold, inventory, menu, slot, ui, user, interface, fantasy, medieval",UI,Fantasy,Fantasy Game,00:00.625,Epic Stock Media,24,96000,2,"Brian Fairbanks, Epic Stock Media",Fantasy Game Crafting UI Tab Button 2,https://epicstockmedia.com,"Brain Fairbanks, Gregory Mcmanus, Epic Stock Media",All files are Copyright Epic Stock Media - All Rights Reserved © 2021 Epic Stock Media
Fantasy_Game_UI_Crafting_Tab_Button_3.wav,"button, click, tap, switch, item, collect, pick up, touch, coin, grab, point, star, orb, treasure, gold, inventory, menu, slot, ui, user, interface, fantasy, medieval",UI,Fantasy,Fantasy Game,00:00.791,Epic Stock Media,24,96000,2,"Brian Fairbanks, Epic Stock Media",Fantasy Game Crafting UI Tab Button 3,https://epicstockmedia.com,"Brain Fairbanks, Gregory Mcmanus, Epic Stock Media",All files are Copyright Epic Stock Media - All Rights Reserved © 2021 Epic Stock Media
Fantasy_Game_UI_Crafting_Tab_Button_4.wav,"button, click, tap, switch, item, collect, pick up, touch, coin, grab, point, star, orb, treasure, gold, inventory, menu, slot, ui, user, interface, fantasy, medieval",UI,Fantasy,Fantasy Game,00:00.750,Epic Stock Media,24,96000,2,"Brian Fairbanks, Epic Stock Media",Fantasy Game Crafting UI Tab Button 4,https://epicstockmedia.com,"Brain Fairbanks, Gregory Mcmanus, Epic Stock Media",All files are Copyright Epic Stock Media - All Rights Reserved © 2021 Epic Stock Media
Fantasy_Game_UI_Crafting_Tab_Button_5.wav,"button, click, tap, switch, item, collect, pick up, touch, coin, grab, point, star, orb, treasure, gold, inventory, menu, slot, ui, user, interface, fantasy, medieval",UI,Fantasy,Fantasy Game,00:00.625,Epic Stock Media,24,96000,2,"Brian Fairbanks, Epic Stock Media",Fantasy Game Crafting UI Tab Button 5,https://epicstockmedia.com,"Brain Fairbanks, Gregory Mcmanus, Epic Stock Media",All files are Copyright Epic Stock Media - All Rights Reserved © 2021 Epic Stock Media
Fantasy_Game_UI_Crafting_Tab_Button_6.wav,"button, click, tap, switch, item, collect, pick up, touch, coin, grab, point, star, orb, treasure, gold, inventory, menu, slot, ui, user, interface, fantasy, medieval",UI,Fantasy,Fantasy Game,00:01.000,Epic Stock Media,24,96000,2,"Brian Fairbanks, Epic Stock Media",Fantasy Game Crafting UI Tab Button 6,https://epicstockmedia.com,"Brain Fairbanks, Gregory Mcmanus, Epic Stock Media",All files are Copyright Epic Stock Media - All Rights Reserved © 2021 Epic Stock Media
Fantasy_Game_UI_Crafting_Tab_Button_7.wav,"button, click, tap, switch, item, collect, pick up, touch, coin, grab, point, star, orb, treasure, gold, inventory, menu, slot, ui, user, interface, fantasy, medieval",UI,Fantasy,Fantasy Game,00:00.625,Epic Stock Media,24,96000,2,"Brian Fairbanks, Epic Stock Media",Fantasy Game Crafting UI Tab Button 7,https://epicstockmedia.com,"Brain Fairbanks, Gregory Mcmanus, Epic Stock Media",All files are Copyright Epic Stock Media - All Rights Reserved © 2021 Epic Stock Media
Fantasy_Game_UI_Crafting_Tab_Button_8.wav,"button, click, tap, switch, item, collect, pick up, touch, coin, grab, point, star, orb, treasure, gold, inventory, menu, slot, ui, user, interface, fantasy, medieval",UI,Fantasy,Fantasy Game,00:00.833,Epic Stock Media,24,96000,2,"Brian Fairbanks, Epic Stock Media",Fantasy Game Crafting UI Tab Button 8,https://epicstockmedia.com,"Brain Fairbanks, Gregory Mcmanus, Epic Stock Media",All files are Copyright Epic Stock Media - All Rights Reserved © 2021 Epic Stock Media
Fantasy_Game_UI_Crafting_Tab_Button_9_Metal.wav,"button, click, tap, switch, item, collect, pick up, touch, coin, grab, point, star, orb, treasure, gold, inventory, menu, slot, ui, user, interface, fantasy, medieval",UI,Fantasy,Fantasy Game,00:00.276,Epic Stock Media,24,96000,2,"Brian Fairbanks, Epic Stock Media",Fantasy Game Crafting UI Tab Button 9 Metal,https://epicstockmedia.com,"Brain Fairbanks, Gregory Mcmanus, Epic Stock Media",All files are Copyright Epic Stock Media - All Rights Reserved © 2021 Epic Stock Media
Fantasy_Game_UI_Distant_Soft_Rumble_1.wav,"button, click, tap, switch, item, collect, pick up, touch, coin, grab, point, star, orb, treasure, gold, inventory, menu, slot, ui, user, interface, fantasy, medieval",UI,Fantasy,Fantasy Game,00:05.000,Epic Stock Media,24,96000,2,"Brian Fairbanks, Epic Stock Media",Fantasy Game Distant Soft Rumble 1,https://epicstockmedia.com,"Brain Fairbanks, Gregory Mcmanus, Epic Stock Media",All files are Copyright Epic Stock Media - All Rights Reserved © 2021 Epic Stock Media
Fantasy_Game_UI_Distant_Soft_Rumble_2.wav,"button, click, tap, switch, item, collect, pick up, touch, coin, grab, point, star, orb, treasure, gold, inventory, menu, slot, ui, user, interface, fantasy, medieval",UI,Fantasy,Fantasy Game,00:04.500,Epic Stock Media,24,96000,2,"Brian Fairbanks, Epic Stock Media",Fantasy Game Distant Soft Rumble 2,https://epicstockmedia.com,"Brain Fairbanks, Gregory Mcmanus, Epic Stock Media",All files are Copyright Epic Stock Media - All Rights Reserved © 2021 Epic Stock Media
Fantasy_Game_UI_Earth_Confirm.wav,"button, click, tap, switch, item, collect, pick up, touch, coin, grab, point, star, orb, treasure, gold, inventory, menu, slot, ui, user, interface, fantasy, medieval",UI,Fantasy,Fantasy Game,00:02.654,Epic Stock Media,24,96000,2,"Brian Fairbanks, Epic Stock Media",Fantasy Game UI Earth Confirm,https://epicstockmedia.com,"Brain Fairbanks, Gregory Mcmanus, Epic Stock Media",All files are Copyright Epic Stock Media - All Rights Reserved © 2021 Epic Stock Media
Fantasy_Game_UI_Earth_Select.wav,"button, click, tap, switch, item, collect, pick up, touch, coin, grab, point, star, orb, treasure, gold, inventory, menu, slot, ui, user, interface, fantasy, medieval",UI,Fantasy,Fantasy Game,00:01.959,Epic Stock Media,24,96000,2,"Brian Fairbanks, Epic Stock Media",Fantasy Game UI Earth Select,https://epicstockmedia.com,"Brain Fairbanks, Gregory Mcmanus, Epic Stock Media",All files are Copyright Epic Stock Media - All Rights Reserved © 2021 Epic Stock Media
Fantasy_Game_UI_Fire_Confirm.wav,"button, click, tap, switch, item, collect, pick up, touch, coin, grab, point, star, orb, treasure, gold, inventory, menu, slot, ui, user, interface, fantasy, medieval",UI,Fantasy,Fantasy Game,00:02.930,Epic Stock Media,24,96000,2,"Brian Fairbanks, Epic Stock Media",Fantasy Game UI Fire Confirm,https://epicstockmedia.com,"Brain Fairbanks, Gregory Mcmanus, Epic Stock Media",All files are Copyright Epic Stock Media - All Rights Reserved © 2021 Epic Stock Media
Fantasy_Game_UI_Fire_Select.wav,"button, click, tap, switch, item, collect, pick up, touch, coin, grab, point, star, orb, treasure, gold, inventory, menu, slot, ui, user, interface, fantasy, medieval",UI,Fantasy,Fantasy Game,00:00.986,Epic Stock Media,24,96000,2,"Brian Fairbanks, Epic Stock Media",Fantasy Game UI Fire Select,https://epicstockmedia.com,"Brain Fairbanks, Gregory Mcmanus, Epic Stock Media",All files are Copyright Epic Stock Media - All Rights Reserved © 2021 Epic Stock Media
Fantasy_Game_UI_Gear_Inventory_1.wav,"button, click, tap, switch, item, collect, pick up, touch, coin, grab, point, star, orb, treasure, gold, inventory, menu, slot, ui, user, interface, fantasy, medieval",UI,Fantasy,Fantasy Game,00:01.000,Epic Stock Media,24,96000,2,"Brian Fairbanks, Epic Stock Media",Fantasy Game Gear Inventory UI,https://epicstockmedia.com,"Brain Fairbanks, Gregory Mcmanus, Epic Stock Media",All files are Copyright Epic Stock Media - All Rights Reserved © 2021 Epic Stock Media
Fantasy_Game_UI_Gear_Inventory_3.wav,"button, click, tap, switch, item, collect, pick up, touch, coin, grab, point, star, orb, treasure, gold, inventory, menu, slot, ui, user, interface, fantasy, medieval",UI,Fantasy,Fantasy Game,00:01.000,Epic Stock Media,24,96000,2,"Brian Fairbanks, Epic Stock Media",Fantasy Game Gear Inventory UI,https://epicstockmedia.com,"Brain Fairbanks, Gregory Mcmanus, Epic Stock Media",All files are Copyright Epic Stock Media - All Rights Reserved © 2021 Epic Stock Media
Fantasy_Game_UI_Ice_Confirm.wav,"button, click, tap, switch, item, collect, pick up, touch, coin, grab, point, star, orb, treasure, gold, inventory, menu, slot, ui, user, interface, fantasy, medieval",UI,Fantasy,Fantasy Game,00:03.203,Epic Stock Media,24,96000,2,"Brian Fairbanks, Epic Stock Media",Fantasy Game UI Ice Confirm,https://epicstockmedia.com,"Brain Fairbanks, Gregory Mcmanus, Epic Stock Media",All files are Copyright Epic Stock Media - All Rights Reserved © 2021 Epic Stock Media
Fantasy_Game_UI_Ice_Select.wav,"button, click, tap, switch, item, collect, pick up, touch, coin, grab, point, star, orb, treasure, gold, inventory, menu, slot, ui, user, interface, fantasy, medieval",UI,Fantasy,Fantasy Game,00:01.189,Epic Stock Media,24,96000,2,"Brian Fairbanks, Epic Stock Media",Fantasy Game UI Ice Select,https://epicstockmedia.com,"Brain Fairbanks, Gregory Mcmanus, Epic Stock Media",All files are Copyright Epic Stock Media - All Rights Reserved © 2021 Epic Stock Media
Fantasy_Game_UI_Inventory_Material_Stone_1.wav,"button, click, tap, switch, item, collect, pick up, touch, coin, grab, point, star, orb, treasure, gold, inventory, menu, slot, ui, user, interface, fantasy, medieval",UI,Fantasy,Fantasy Game,00:00.625,Epic Stock Media,24,96000,2,"Brian Fairbanks, Epic Stock Media",Fantasy Game Inventory Material Stone UI,https://epicstockmedia.com,"Brain Fairbanks, Gregory Mcmanus, Epic Stock Media",All files are Copyright Epic Stock Media - All Rights Reserved © 2021 Epic Stock Media
Fantasy_Game_UI_Inventory_Material_Stone_2.wav,"button, click, tap, switch, item, collect, pick up, touch, coin, grab, point, star, orb, treasure, gold, inventory, menu, slot, ui, user, interface, fantasy, medieval",UI,Fantasy,Fantasy Game,00:01.125,Epic Stock Media,24,96000,2,"Brian Fairbanks, Epic Stock Media",Fantasy Game Inventory Material Stone UI,https://epicstockmedia.com,"Brain Fairbanks, Gregory Mcmanus, Epic Stock Media",All files are Copyright Epic Stock Media - All Rights Reserved © 2021 Epic Stock Media
Fantasy_Game_UI_Inventory_Material_Stone_3.wav,"button, click, tap, switch, item, collect, pick up, touch, coin, grab, point, star, orb, treasure, gold, inventory, menu, slot, ui, user, interface, fantasy, medieval",UI,Fantasy,Fantasy Game,00:00.625,Epic Stock Media,24,96000,2,"Brian Fairbanks, Epic Stock Media",Fantasy Game Inventory Material Stone UI,https://epicstockmedia.com,"Brain Fairbanks, Gregory Mcmanus, Epic Stock Media",All files are Copyright Epic Stock Media - All Rights Reserved © 2021 Epic Stock Media
Fantasy_Game_UI_Lightning_Confirm.wav,"button, click, tap, switch, item, collect, pick up, touch, coin, grab, point, star, orb, treasure, gold, inventory, menu, slot, ui, user, interface, fantasy, medieval",UI,Fantasy,Fantasy Game,00:03.159,Epic Stock Media,24,96000,2,"Brian Fairbanks, Epic Stock Media",Fantasy Game UI Lightning Confirm,https://epicstockmedia.com,"Brain Fairbanks, Gregory Mcmanus, Epic Stock Media",All files are Copyright Epic Stock Media - All Rights Reserved © 2021 Epic Stock Media
Fantasy_Game_UI_Lightning_Select.wav,"button, click, tap, switch, item, collect, pick up, touch, coin, grab, point, star, orb, treasure, gold, inventory, menu, slot, ui, user, interface, fantasy, medieval",UI,Fantasy,Fantasy Game,00:01.386,Epic Stock Media,24,96000,2,"Brian Fairbanks, Epic Stock Media",Fantasy Game UI Lightning Select,https://epicstockmedia.com,"Brain Fairbanks, Gregory Mcmanus, Epic Stock Media",All files are Copyright Epic Stock Media - All Rights Reserved © 2021 Epic Stock Media
Fantasy_Game_UI_Magic_Confirm_A.wav,"button, click, tap, switch, item, collect, pick up, touch, coin, grab, point, star, orb, treasure, gold, inventory, menu, slot, ui, user, interface, fantasy, medieval",UI,Fantasy,Fantasy Game,00:01.024,Epic Stock Media,24,96000,2,"Brian Fairbanks, Epic Stock Media",Fantasy Game UI Magic Confirm,https://epicstockmedia.com,"Brain Fairbanks, Gregory Mcmanus, Epic Stock Media",All files are Copyright Epic Stock Media - All Rights Reserved © 2021 Epic Stock Media
Fantasy_Game_UI_Magic_Confirm_D.wav,"button, click, tap, switch, item, collect, pick up, touch, coin, grab, point, star, orb, treasure, gold, inventory, menu, slot, ui, user, interface, fantasy, medieval",UI,Fantasy,Fantasy Game,00:01.024,Epic Stock Media,24,96000,2,"Brian Fairbanks, Epic Stock Media",Fantasy Game UI Magic Confirm,https://epicstockmedia.com,"Brain Fairbanks, Gregory Mcmanus, Epic Stock Media",All files are Copyright Epic Stock Media - All Rights Reserved © 2021 Epic Stock Media
Fantasy_Game_UI_Material_Liquid_Bubble_Pop_1.wav,"button, click, tap, switch, item, collect, pick up, touch, coin, grab, point, star, orb, treasure, gold, inventory, menu, slot, ui, user, interface, fantasy, medieval",UI,Fantasy,Fantasy Game,00:00.875,Epic Stock Media,24,96000,2,"Brian Fairbanks, Epic Stock Media",Fantasy Game Material Liquid Bubble Pop UI,https://epicstockmedia.com,"Brain Fairbanks, Gregory Mcmanus, Epic Stock Media",All files are Copyright Epic Stock Media - All Rights Reserved © 2021 Epic Stock Media
Fantasy_Game_UI_Material_Liquid_Bubble_Pop_2.wav,"button, click, tap, switch, item, collect, pick up, touch, coin, grab, point, star, orb, treasure, gold, inventory, menu, slot, ui, user, interface, fantasy, medieval",UI,Fantasy,Fantasy Game,00:01.250,Epic Stock Media,24,96000,2,"Brian Fairbanks, Epic Stock Media",Fantasy Game Material Liquid Bubble Pop UI,https://epicstockmedia.com,"Brain Fairbanks, Gregory Mcmanus, Epic Stock Media",All files are Copyright Epic Stock Media - All Rights Reserved © 2021 Epic Stock Media
Fantasy_Game_UI_Metal_Armory_Tab_1_Dry.wav,"button, click, tap, switch, item, collect, pick up, touch, coin, grab, point, star, orb, treasure, gold, inventory, menu, slot, ui, user, interface, fantasy, medieval",UI,Fantasy,Fantasy Game,00:01.000,Epic Stock Media,24,96000,2,"Brian Fairbanks, Epic Stock Media",Fantasy Game UI Metal Armory Tab 1 Dry,https://epicstockmedia.com,"Brain Fairbanks, Gregory Mcmanus, Epic Stock Media",All files are Copyright Epic Stock Media - All Rights Reserved © 2021 Epic Stock Media
Fantasy_Game_UI_Metal_Armory_Tab_1_Wet.wav,"button, click, tap, switch, item, collect, pick up, touch, coin, grab, point, star, orb, treasure, gold, inventory, menu, slot, ui, user, interface, fantasy, medieval",UI,Fantasy,Fantasy Game,00:02.500,Epic Stock Media,24,96000,2,"Brian Fairbanks, Epic Stock Media",Fantasy Game UI Metal Armory Tab 1 Wet,https://epicstockmedia.com,"Brain Fairbanks, Gregory Mcmanus, Epic Stock Media",All files are Copyright Epic Stock Media - All Rights Reserved © 2021 Epic Stock Media
Fantasy_Game_UI_Metal_Armory_Tab_2_Dry.wav,"button, click, tap, switch, item, collect, pick up, touch, coin, grab, point, star, orb, treasure, gold, inventory, menu, slot, ui, user, interface, fantasy, medieval",UI,Fantasy,Fantasy Game,00:01.000,Epic Stock Media,24,96000,2,"Brian Fairbanks, Epic Stock Media",Fantasy Game UI Metal Armory Tab 2 Dry,https://epicstockmedia.com,"Brain Fairbanks, Gregory Mcmanus, Epic Stock Media",All files are Copyright Epic Stock Media - All Rights Reserved © 2021 Epic Stock Media
Fantasy_Game_UI_Metal_Armory_Tab_2_Wet.wav,"button, click, tap, switch, item, collect, pick up, touch, coin, grab, point, star, orb, treasure, gold, inventory, menu, slot, ui, user, interface, fantasy, medieval",UI,Fantasy,Fantasy Game,00:02.500,Epic Stock Media,24,96000,2,"Brian Fairbanks, Epic Stock Media",Fantasy Game UI Metal Armory Tab 2 Wet,https://epicstockmedia.com,"Brain Fairbanks, Gregory Mcmanus, Epic Stock Media",All files are Copyright Epic Stock Media - All Rights Reserved © 2021 Epic Stock Media
Fantasy_Game_UI_Organic_Magic_Accept_Quest_Drum_Impact_1.wav,"button, click, tap, switch, item, collect, pick up, touch, coin, grab, point, star, orb, treasure, gold, inventory, menu, slot, ui, user, interface, fantasy, medieval",UI,Fantasy,Fantasy Game,00:02.625,Epic Stock Media,24,96000,2,"Brian Fairbanks, Epic Stock Media",Fantasy Game Organic Magic Accept Quest Drum Impact 1,https://epicstockmedia.com,"Brain Fairbanks, Gregory Mcmanus, Epic Stock Media",All files are Copyright Epic Stock Media - All Rights Reserved © 2021 Epic Stock Media
Fantasy_Game_UI_Organic_Magic_Accept_Quest_Drum_Impact_2.wav,"button, click, tap, switch, item, collect, pick up, touch, coin, grab, point, star, orb, treasure, gold, inventory, menu, slot, ui, user, interface, fantasy, medieval",UI,Fantasy,Fantasy Game,00:03.500,Epic Stock Media,24,96000,2,"Brian Fairbanks, Epic Stock Media",Fantasy Game Organic Magic Accept Quest Drum Impact 2,https://epicstockmedia.com,"Brain Fairbanks, Gregory Mcmanus, Epic Stock Media",All files are Copyright Epic Stock Media - All Rights Reserved © 2021 Epic Stock Media
Fantasy_Game_UI_Shadow_Confirm.wav,"button, click, tap, switch, item, collect, pick up, touch, coin, grab, point, star, orb, treasure, gold, inventory, menu, slot, ui, user, interface, fantasy, medieval",UI,Fantasy,Fantasy Game,00:02.770,Epic Stock Media,24,96000,2,"Brian Fairbanks, Epic Stock Media",Fantasy Game UI Shadow Confirm,https://epicstockmedia.com,"Brain Fairbanks, Gregory Mcmanus, Epic Stock Media",All files are Copyright Epic Stock Media - All Rights Reserved © 2021 Epic Stock Media
Fantasy_Game_UI_Shadow_Select.wav,"button, click, tap, switch, item, collect, pick up, touch, coin, grab, point, star, orb, treasure, gold, inventory, menu, slot, ui, user, interface, fantasy, medieval",UI,Fantasy,Fantasy Game,00:01.655,Epic Stock Media,24,96000,2,"Brian Fairbanks, Epic Stock Media",Fantasy Game UI Shadow Select,https://epicstockmedia.com,"Brain Fairbanks, Gregory Mcmanus, Epic Stock Media",All files are Copyright Epic Stock Media - All Rights Reserved © 2021 Epic Stock Media